Workbook

Sheet 1月
A1: 2022年1月超声工作量
A2: 姓名 | B2: 体检例数 | C2: 腔内超声检查 | D2: 图文报告 | E2: 超声检查正常(包括双胎) | F2: 双胎加收 | G2: 脏器灰阶立体成象*2 | H2: 超声检查(胎儿系统) *3 | I2: 胎儿心脏超声 *3 | J2: 残余尿测定 | K2: 床旁彩超 *6 | L2: 床旁彩超加收 *5 | M2: B超常规检 | N2: 脏器声学造影 *5 | O2: 临床操作超声引导*5 | P2: 弹性成像 | Q2: 误时工作量例数 | R2: 疑难病例会诊例数 | S2: 夜班例数 | T2: 扣罚金额 | U2: 门住工作量合计 | V2: 门住体工作量合计 | W2: 绩效工作量 | X2: 门住收入合计 | Y2: 门住体总收入合计
B3: 99 | C3: 132 | D3: 5.5 | E3: 99 | F3: 55 | G3: 264 | H3: 310 | I3: 286 | J3: 55 | K3: 132 | L3: 33 | M3: 27.5 | N3: 143 | O3: 143 | P3: 55 | R3: 20 | S3: 50 | T3: 50-500
A4: 信吉伟 | B4: 970 | C4: 32 | D4: 312 | E4: 255 | G4: 118 | H4: 22 | J4: 5 | N4: 4 | O4: 38 | U4: =SUM(C4:P4)-D4 -> 474 | V4: =SUM(B4:P4)-D4 -> 1444 | W4: =B4+C4+E4+F4+G4*2+H4*3+I4*3+J4+K4*6+L4*5+M4+N4*5+O4*5+P4+Q4 -> 1774 | X4: =C4*$C$3+D4*$D$3+E4*$E$3+F4*$F$3+G4*$G$3+H4*$H$3+I4*$I$3+J4*$J$3+K4*$K$3+L4*$L$3+M4*$M$3+N4*$N$3+O4*$O$3+P4*$P$3 -> 75438 | Y4: =B4*99+C4*$C$3+D4*$D$3+E4*$E$3+F4*$F$3+G4*$G$3+H4*$H$3+I4*$I$3+J4*$J$3+K4*$K$3+L4*$L$3+M4*$M$3+N4*$N$3+O4*$O$3+P4*$P$3 -> 171468
A5: 刘思阳 | B5: 335 | D5: 424 | E5: 412 | G5: 81 | J5: 18 | U5: =SUM(C5:P5)-D5 -> 511 | V5: =SUM(B5:P5)-D5 -> 846 | W5: =B5+C5+E5+F5+G5*2+H5*3+I5*3+J5+K5*6+L5*5+M5+N5*5+O5*5+P5+Q5 -> 927 | X5: =C5*$C$3+D5*$D$3+E5*$E$3+F5*$F$3+G5*$G$3+H5*$H$3+I5*$I$3+J5*$J$3+K5*$K$3+L5*$L$3+M5*$M$3+N5*$N$3+O5*$O$3+P5*$P$3 -> 65494 | Y5: =B5*99+C5*$C$3+D5*$D$3+E5*$E$3+F5*$F$3+G5*$G$3+H5*$H$3+I5*$I$3+J5*$J$3+K5*$K$3+L5*$L$3+M5*$M$3+N5*$N$3+O5*$O$3+P5*$P$3 -> 98659
A6: 邢卫军 | B6: 375 | C6: 83 | D6: 471 | E6: 345 | G6: 125 | J6: 5 | K6: 8 | U6: =SUM(C6:P6)-D6 -> 566 | V6: =SUM(B6:P6)-D6 -> 941 | W6: =B6+C6+E6+F6+G6*2+H6*3+I6*3+J6+K6*6+L6*5+M6+N6*5+O6*5+P6+Q6 -> 1106 | X6: =C6*$C$3+D6*$D$3+E6*$E$3+F6*$F$3+G6*$G$3+H6*$H$3+I6*$I$3+J6*$J$3+K6*$K$3+L6*$L$3+M6*$M$3+N6*$N$3+O6*$O$3+P6*$P$3 -> 82032.5 | Y6: =B6*99+C6*$C$3+D6*$D$3+E6*$E$3+F6*$F$3+G6*$G$3+H6*$H$3+I6*$I$3+J6*$J$3+K6*$K$3+L6*$L$3+M6*$M$3+N6*$N$3+O6*$O$3+P6*$P$3 -> 119157.5
A7: 姜纯莲 | B7: 469 | C7: 117 | D7: 803 | E7: 496 | G7: 186 | J7: 8 | U7: =SUM(C7:P7)-D7 -> 807 | V7: =SUM(B7:P7)-D7 -> 1276 | W7: =B7+C7+E7+F7+G7*2+H7*3+I7*3+J7+K7*6+L7*5+M7+N7*5+O7*5+P7+Q7 -> 1462 | X7: =C7*$C$3+D7*$D$3+E7*$E$3+F7*$F$3+G7*$G$3+H7*$H$3+I7*$I$3+J7*$J$3+K7*$K$3+L7*$L$3+M7*$M$3+N7*$N$3+O7*$O$3+P7*$P$3 -> 118508.5 | Y7: =B7*99+C7*$C$3+D7*$D$3+E7*$E$3+F7*$F$3+G7*$G$3+H7*$H$3+I7*$I$3+J7*$J$3+K7*$K$3+L7*$L$3+M7*$M$3+N7*$N$3+O7*$O$3+P7*$P$3 -> 164939.5
A8: 王漠璇 | B8: 695 | C8: 76 | D8: 621 | E8: 473 | G8: 155 | J8: 8 | K8: 11 | L8: 1 | U8: =SUM(C8:P8)-D8 -> 724 | V8: =SUM(B8:P8)-D8 -> 1419 | W8: =B8+C8+E8+F8+G8*2+H8*3+I8*3+J8+K8*6+L8*5+M8+N8*5+O8*5+P8+Q8 -> 1633 | X8: =C8*$C$3+D8*$D$3+E8*$E$3+F8*$F$3+G8*$G$3+H8*$H$3+I8*$I$3+J8*$J$3+K8*$K$3+L8*$L$3+M8*$M$3+N8*$N$3+O8*$O$3+P8*$P$3 -> 103119.5 | Y8: =B8*99+C8*$C$3+D8*$D$3+E8*$E$3+F8*$F$3+G8*$G$3+H8*$H$3+I8*$I$3+J8*$J$3+K8*$K$3+L8*$L$3+M8*$M$3+N8*$N$3+O8*$O$3+P8*$P$3 -> 171924.5
A9: 汪亚新 | B9: 125 | C9: 0 | D9: 286 | E9: 268 | G9: 33 | J9: 6 | U9: =SUM(C9:P9)-D9 -> 307 | V9: =SUM(B9:P9)-D9 -> 432 | W9: =B9+C9+E9+F9+G9*2+H9*3+I9*3+J9+K9*6+L9*5+M9+N9*5+O9*5+P9+Q9 -> 465 | X9: =C9*$C$3+D9*$D$3+E9*$E$3+F9*$F$3+G9*$G$3+H9*$H$3+I9*$I$3+J9*$J$3+K9*$K$3+L9*$L$3+M9*$M$3+N9*$N$3+O9*$O$3+P9*$P$3 -> 37147 | Y9: =B9*99+C9*$C$3+D9*$D$3+E9*$E$3+F9*$F$3+G9*$G$3+H9*$H$3+I9*$I$3+J9*$J$3+K9*$K$3+L9*$L$3+M9*$M$3+N9*$N$3+O9*$O$3+P9*$P$3 -> 49522
A10: 李双生 | B10: 451 | C10: 2 | D10: 534 | E10: 518 | G10: 81 | J10: 15 | K10: 26 | U10: =SUM(C10:P10)-D10 -> 642 | V10: =SUM(B10:P10)-D10 -> 1093 | W10: =B10+C10+E10+F10+G10*2+H10*3+I10*3+J10+K10*6+L10*5+M10+N10*5+O10*5+P10+Q10 -> 1304 | X10: =C10*$C$3+D10*$D$3+E10*$E$3+F10*$F$3+G10*$G$3+H10*$H$3+I10*$I$3+J10*$J$3+K10*$K$3+L10*$L$3+M10*$M$3+N10*$N$3+O10*$O$3+P10*$P$3 -> 80124 | Y10: =B10*99+C10*$C$3+D10*$D$3+E10*$E$3+F10*$F$3+G10*$G$3+H10*$H$3+I10*$I$3+J10*$J$3+K10*$K$3+L10*$L$3+M10*$M$3+N10*$N$3+O10*$O$3+P10*$P$3 -> 124773
A11: 董宝玲 | B11: 297 | C11: 47 | D11: 472 | E11: 372 | G11: 130 | J11: 6 | K11: 3 | L11: 1 | U11: =SUM(C11:P11)-D11 -> 559 | V11: =SUM(B11:P11)-D11 -> 856 | W11: =B11+C11+E11+F11+G11*2+H11*3+I11*3+J11+K11*6+L11*5+M11+N11*5+O11*5+P11+Q11 -> 1005 | X11: =C11*$C$3+D11*$D$3+E11*$E$3+F11*$F$3+G11*$G$3+H11*$H$3+I11*$I$3+J11*$J$3+K11*$K$3+L11*$L$3+M11*$M$3+N11*$N$3+O11*$O$3+P11*$P$3 -> 80707 | Y11: =B11*99+C11*$C$3+D11*$D$3+E11*$E$3+F11*$F$3+G11*$G$3+H11*$H$3+I11*$I$3+J11*$J$3+K11*$K$3+L11*$L$3+M11*$M$3+N11*$N$3+O11*$O$3+P11*$P$3 -> 110110
A12: 周晓丽 | B12: 298 | C12: 36 | D12: 337 | E12: 303 | G12: 71 | H12: 2 | J12: 5 | L12: 19 | U12: =SUM(C12:P12)-D12 -> 436 | V12: =SUM(B12:P12)-D12 -> 734 | W12: =B12+C12+E12+F12+G12*2+H12*3+I12*3+J12+K12*6+L12*5+M12+N12*5+O12*5+P12+Q12 -> 885 | X12: =C12*$C$3+D12*$D$3+E12*$E$3+F12*$F$3+G12*$G$3+H12*$H$3+I12*$I$3+J12*$J$3+K12*$K$3+L12*$L$3+M12*$M$3+N12*$N$3+O12*$O$3+P12*$P$3 -> 56868.5 | Y12: =B12*99+C12*$C$3+D12*$D$3+E12*$E$3+F12*$F$3+G12*$G$3+H12*$H$3+I12*$I$3+J12*$J$3+K12*$K$3+L12*$L$3+M12*$M$3+N12*$N$3+O12*$O$3+P12*$P$3 -> 86370.5
A13: 刘炜 | B13: 679 | C13: 73 | D13: 531 | E13: 360 | G13: 152 | H13: 13 | I13: 6 | J13: 8 | K13: 7 | N13: 4 | U13: =SUM(C13:P13)-D13 -> 623 | V13: =SUM(B13:P13)-D13 -> 1302 | W13: =B13+C13+E13+F13+G13*2+H13*3+I13*3+J13+K13*6+L13*5+M13+N13*5+O13*5+P13+Q13 -> 1543 | X13: =C13*$C$3+D13*$D$3+E13*$E$3+F13*$F$3+G13*$G$3+H13*$H$3+I13*$I$3+J13*$J$3+K13*$K$3+L13*$L$3+M13*$M$3+N13*$N$3+O13*$O$3+P13*$P$3 -> 96006.5 | Y13: =B13*99+C13*$C$3+D13*$D$3+E13*$E$3+F13*$F$3+G13*$G$3+H13*$H$3+I13*$I$3+J13*$J$3+K13*$K$3+L13*$L$3+M13*$M$3+N13*$N$3+O13*$O$3+P13*$P$3 -> 163227.5
A14: 刘涛 | U14: =SUM(C14:P14)-D14 -> 0 | V14: =SUM(B14:P14)-D14 -> 0 | W14: =B14+C14+E14+F14+G14*2+H14*3+I14*3+J14+K14*6+L14*5+M14+N14*5+O14*5+P14+Q14 -> 0 | X14: =C14*$C$3+D14*$D$3+E14*$E$3+F14*$F$3+G14*$G$3+H14*$H$3+I14*$I$3+J14*$J$3+K14*$K$3+L14*$L$3+M14*$M$3+N14*$N$3+O14*$O$3+P14*$P$3 -> 0 | Y14: =B14*99+C14*$C$3+D14*$D$3+E14*$E$3+F14*$F$3+G14*$G$3+H14*$H$3+I14*$I$3+J14*$J$3+K14*$K$3+L14*$L$3+M14*$M$3+N14*$N$3+O14*$O$3+P14*$P$3 -> 0
A15: 朱凯 | B15: 614 | C15: 5 | D15: 391 | E15: 390 | G15: 55 | J15: 4 | K15: 12 | L15: 1 | U15: =SUM(C15:P15)-D15 -> 467 | V15: =SUM(B15:P15)-D15 -> 1081 | W15: =B15+C15+E15+F15+G15*2+H15*3+I15*3+J15+K15*6+L15*5+M15+N15*5+O15*5+P15+Q15 -> 1200 | X15: =C15*$C$3+D15*$D$3+E15*$E$3+F15*$F$3+G15*$G$3+H15*$H$3+I15*$I$3+J15*$J$3+K15*$K$3+L15*$L$3+M15*$M$3+N15*$N$3+O15*$O$3+P15*$P$3 -> 57777.5 | Y15: =B15*99+C15*$C$3+D15*$D$3+E15*$E$3+F15*$F$3+G15*$G$3+H15*$H$3+I15*$I$3+J15*$J$3+K15*$K$3+L15*$L$3+M15*$M$3+N15*$N$3+O15*$O$3+P15*$P$3 -> 118563.5
A16: 李晓莹 | B16: 675 | C16: 78 | D16: 630 | E16: 515 | G16: 157 | H16: 1 | J16: 9 | K16: 22 | L16: 7 | U16: =SUM(C16:P16)-D16 -> 789 | V16: =SUM(B16:P16)-D16 -> 1464 | W16: =B16+C16+E16+F16+G16*2+H16*3+I16*3+J16+K16*6+L16*5+M16+N16*5+O16*5+P16+Q16 -> 1761 | X16: =C16*$C$3+D16*$D$3+E16*$E$3+F16*$F$3+G16*$G$3+H16*$H$3+I16*$I$3+J16*$J$3+K16*$K$3+L16*$L$3+M16*$M$3+N16*$N$3+O16*$O$3+P16*$P$3 -> 110134 | Y16: =B16*99+C16*$C$3+D16*$D$3+E16*$E$3+F16*$F$3+G16*$G$3+H16*$H$3+I16*$I$3+J16*$J$3+K16*$K$3+L16*$L$3+M16*$M$3+N16*$N$3+O16*$O$3+P16*$P$3 -> 176959
A17: 孟凡伟 | B17: 248 | C17: 11 | D17: 638 | E17: 587 | G17: 65 | J17: 12 | K17: 3 | L17: 1 | U17: =SUM(C17:P17)-D17 -> 679 | V17: =SUM(B17:P17)-D17 -> 927 | W17: =B17+C17+E17+F17+G17*2+H17*3+I17*3+J17+K17*6+L17*5+M17+N17*5+O17*5+P17+Q17 -> 1011 | X17: =C17*$C$3+D17*$D$3+E17*$E$3+F17*$F$3+G17*$G$3+H17*$H$3+I17*$I$3+J17*$J$3+K17*$K$3+L17*$L$3+M17*$M$3+N17*$N$3+O17*$O$3+P17*$P$3 -> 81323 | Y17: =B17*99+C17*$C$3+D17*$D$3+E17*$E$3+F17*$F$3+G17*$G$3+H17*$H$3+I17*$I$3+J17*$J$3+K17*$K$3+L17*$L$3+M17*$M$3+N17*$N$3+O17*$O$3+P17*$P$3 -> 105875
A18: 王桐 | B18: 388 | C18: 37 | D18: 276 | E18: 201 | G18: 75 | J18: 1 | L18: 10 | U18: =SUM(C18:P18)-D18 -> 324 | V18: =SUM(B18:P18)-D18 -> 712 | W18: =B18+C18+E18+F18+G18*2+H18*3+I18*3+J18+K18*6+L18*5+M18+N18*5+O18*5+P18+Q18 -> 827 | X18: =C18*$C$3+D18*$D$3+E18*$E$3+F18*$F$3+G18*$G$3+H18*$H$3+I18*$I$3+J18*$J$3+K18*$K$3+L18*$L$3+M18*$M$3+N18*$N$3+O18*$O$3+P18*$P$3 -> 46486 | Y18: =B18*99+C18*$C$3+D18*$D$3+E18*$E$3+F18*$F$3+G18*$G$3+H18*$H$3+I18*$I$3+J18*$J$3+K18*$K$3+L18*$L$3+M18*$M$3+N18*$N$3+O18*$O$3+P18*$P$3 -> 84898
A19: 程日 | B19: 380 | C19: 7 | D19: 544 | E19: 576 | G19: 56 | J19: 8 | K19: 19 | U19: =SUM(C19:P19)-D19 -> 666 | V19: =SUM(B19:P19)-D19 -> 1046 | W19: =B19+C19+E19+F19+G19*2+H19*3+I19*3+J19+K19*6+L19*5+M19+N19*5+O19*5+P19+Q19 -> 1197 | X19: =C19*$C$3+D19*$D$3+E19*$E$3+F19*$F$3+G19*$G$3+H19*$H$3+I19*$I$3+J19*$J$3+K19*$K$3+L19*$L$3+M19*$M$3+N19*$N$3+O19*$O$3+P19*$P$3 -> 78672 | Y19: =B19*99+C19*$C$3+D19*$D$3+E19*$E$3+F19*$F$3+G19*$G$3+H19*$H$3+I19*$I$3+J19*$J$3+K19*$K$3+L19*$L$3+M19*$M$3+N19*$N$3+O19*$O$3+P19*$P$3 -> 116292
A20: 洪森 | B20: 93 | C20: 15 | D20: 439 | E20: 436 | G20: 54 | J20: 10 | K20: 15 | L20: 14 | U20: =SUM(C20:P20)-D20 -> 544 | V20: =SUM(B20:P20)-D20 -> 637 | W20: =B20+C20+E20+F20+G20*2+H20*3+I20*3+J20+K20*6+L20*5+M20+N20*5+O20*5+P20+Q20 -> 822 | X20: =C20*$C$3+D20*$D$3+E20*$E$3+F20*$F$3+G20*$G$3+H20*$H$3+I20*$I$3+J20*$J$3+K20*$K$3+L20*$L$3+M20*$M$3+N20*$N$3+O20*$O$3+P20*$P$3 -> 64806.5 | Y20: =B20*99+C20*$C$3+D20*$D$3+E20*$E$3+F20*$F$3+G20*$G$3+H20*$H$3+I20*$I$3+J20*$J$3+K20*$K$3+L20*$L$3+M20*$M$3+N20*$N$3+O20*$O$3+P20*$P$3 -> 74013.5
A21: 马延梁 | B21: 996 | C21: 13 | D21: 412 | E21: 418 | G21: 41 | J21: 8 | K21: 31 | L21: 5 | U21: =SUM(C21:P21)-D21 -> 516 | V21: =SUM(B21:P21)-D21 -> 1512 | W21: =B21+C21+E21+F21+G21*2+H21*3+I21*3+J21+K21*6+L21*5+M21+N21*5+O21*5+P21+Q21 -> 1728 | X21: =C21*$C$3+D21*$D$3+E21*$E$3+F21*$F$3+G21*$G$3+H21*$H$3+I21*$I$3+J21*$J$3+K21*$K$3+L21*$L$3+M21*$M$3+N21*$N$3+O21*$O$3+P21*$P$3 -> 60885 | Y21: =B21*99+C21*$C$3+D21*$D$3+E21*$E$3+F21*$F$3+G21*$G$3+H21*$H$3+I21*$I$3+J21*$J$3+K21*$K$3+L21*$L$3+M21*$M$3+N21*$N$3+O21*$O$3+P21*$P$3 -> 159489
A22: 史嘉琳 | B22: 391 | C22: 123 | D22: 739 | E22: 541 | G22: 188 | J22: 4 | M22: 1 | U22: =SUM(C22:P22)-D22 -> 857 | V22: =SUM(B22:P22)-D22 -> 1248 | W22: =B22+C22+E22+F22+G22*2+H22*3+I22*3+J22+K22*6+L22*5+M22+N22*5+O22*5+P22+Q22 -> 1436 | X22: =C22*$C$3+D22*$D$3+E22*$E$3+F22*$F$3+G22*$G$3+H22*$H$3+I22*$I$3+J22*$J$3+K22*$K$3+L22*$L$3+M22*$M$3+N22*$N$3+O22*$O$3+P22*$P$3 -> 123739 | Y22: =B22*99+C22*$C$3+D22*$D$3+E22*$E$3+F22*$F$3+G22*$G$3+H22*$H$3+I22*$I$3+J22*$J$3+K22*$K$3+L22*$L$3+M22*$M$3+N22*$N$3+O22*$O$3+P22*$P$3 -> 162448
A23: 孙承飞 | B23: 398 | C23: 4 | D23: 293 | E23: 340 | G23: 18 | J23: 7 | K23: 21 | L23: 4 | U23: =SUM(C23:P23)-D23 -> 394 | V23: =SUM(B23:P23)-D23 -> 792 | W23: =B23+C23+E23+F23+G23*2+H23*3+I23*3+J23+K23*6+L23*5+M23+N23*5+O23*5+P23+Q23 -> 931 | X23: =C23*$C$3+D23*$D$3+E23*$E$3+F23*$F$3+G23*$G$3+H23*$H$3+I23*$I$3+J23*$J$3+K23*$K$3+L23*$L$3+M23*$M$3+N23*$N$3+O23*$O$3+P23*$P$3 -> 43840.5 | Y23: =B23*99+C23*$C$3+D23*$D$3+E23*$E$3+F23*$F$3+G23*$G$3+H23*$H$3+I23*$I$3+J23*$J$3+K23*$K$3+L23*$L$3+M23*$M$3+N23*$N$3+O23*$O$3+P23*$P$3 -> 83242.5
A24: 赵希平 | B24: 234 | C24: 10 | D24: 635 | E24: 634 | G24: 76 | J24: 14 | K24: 13 | M24: 1 | U24: =SUM(C24:P24)-D24 -> 748 | V24: =SUM(B24:P24)-D24 -> 982 | W24: =B24+C24+E24+F24+G24*2+H24*3+I24*3+J24+K24*6+L24*5+M24+N24*5+O24*5+P24+Q24 -> 1123 | X24: =C24*$C$3+D24*$D$3+E24*$E$3+F24*$F$3+G24*$G$3+H24*$H$3+I24*$I$3+J24*$J$3+K24*$K$3+L24*$L$3+M24*$M$3+N24*$N$3+O24*$O$3+P24*$P$3 -> 90156 | Y24: =B24*99+C24*$C$3+D24*$D$3+E24*$E$3+F24*$F$3+G24*$G$3+H24*$H$3+I24*$I$3+J24*$J$3+K24*$K$3+L24*$L$3+M24*$M$3+N24*$N$3+O24*$O$3+P24*$P$3 -> 113322
A25: 李楠 | U25: =SUM(C25:P25)-D25 -> 0 | V25: =SUM(B25:P25)-D25 -> 0 | W25: =B25+C25+E25+F25+G25*2+H25*3+I25*3+J25+K25*6+L25*5+M25+N25*5+O25*5+P25+Q25 -> 0 | X25: =C25*$C$3+D25*$D$3+E25*$E$3+F25*$F$3+G25*$G$3+H25*$H$3+I25*$I$3+J25*$J$3+K25*$K$3+L25*$L$3+M25*$M$3+N25*$N$3+O25*$O$3+P25*$P$3 -> 0 | Y25: =B25*99+C25*$C$3+D25*$D$3+E25*$E$3+F25*$F$3+G25*$G$3+H25*$H$3+I25*$I$3+J25*$J$3+K25*$K$3+L25*$L$3+M25*$M$3+N25*$N$3+O25*$O$3+P25*$P$3 -> 0
A26: 李嘉鹏 | B26: 8 | D26: 10 | E26: 8 | J26: 1 | K26: 2 | U26: =SUM(C26:P26)-D26 -> 11 | V26: =SUM(B26:P26)-D26 -> 19 | W26: =B26+C26+E26+F26+G26*2+H26*3+I26*3+J26+K26*6+L26*5+M26+N26*5+O26*5+P26+Q26 -> 29 | X26: =C26*$C$3+D26*$D$3+E26*$E$3+F26*$F$3+G26*$G$3+H26*$H$3+I26*$I$3+J26*$J$3+K26*$K$3+L26*$L$3+M26*$M$3+N26*$N$3+O26*$O$3+P26*$P$3 -> 1166 | Y26: =B26*99+C26*$C$3+D26*$D$3+E26*$E$3+F26*$F$3+G26*$G$3+H26*$H$3+I26*$I$3+J26*$J$3+K26*$K$3+L26*$L$3+M26*$M$3+N26*$N$3+O26*$O$3+P26*$P$3 -> 1958
U27: =SUM(C27:P27)-D27 -> 0 | V27: =SUM(B27:P27)-D27 -> 0 | W27: =B27+C27+E27+F27+G27*2+H27*3+I27*3+J27+K27*6+L27*5+M27+N27*5+O27*5+P27+Q27 -> 0 | X27: =C27*$C$3+D27*$D$3+E27*$E$3+F27*$F$3+G27*$G$3+H27*$H$3+I27*$I$3+J27*$J$3+K27*$K$3+L27*$L$3+M27*$M$3+N27*$N$3+O27*$O$3+P27*$P$3 -> 0 | Y27: =B27*99+C27*$C$3+D27*$D$3+E27*$E$3+F27*$F$3+G27*$G$3+H27*$H$3+I27*$I$3+J27*$J$3+K27*$K$3+L27*$L$3+M27*$M$3+N27*$N$3+O27*$O$3+P27*$P$3 -> 0
A28: 韩天福 | D28: 24 | E28: 27 | G28: 4 | L28: 7 | U28: =SUM(C28:P28)-D28 -> 38 | V28: =SUM(B28:P28)-D28 -> 38 | W28: =B28+C28+E28+F28+G28*2+H28*3+I28*3+J28+K28*6+L28*5+M28+N28*5+O28*5+P28+Q28 -> 70 | X28: =C28*$C$3+D28*$D$3+E28*$E$3+F28*$F$3+G28*$G$3+H28*$H$3+I28*$I$3+J28*$J$3+K28*$K$3+L28*$L$3+M28*$M$3+N28*$N$3+O28*$O$3+P28*$P$3 -> 4092 | Y28: =B28*99+C28*$C$3+D28*$D$3+E28*$E$3+F28*$F$3+G28*$G$3+H28*$H$3+I28*$I$3+J28*$J$3+K28*$K$3+L28*$L$3+M28*$M$3+N28*$N$3+O28*$O$3+P28*$P$3 -> 4092
A29: 刘海燕 | B29: 806 | C29: 21 | D29: 259 | E29: 225 | G29: 54 | J29: 3 | U29: =SUM(C29:P29)-D29 -> 303 | V29: =SUM(B29:P29)-D29 -> 1109 | W29: 0 | X29: =C29*$C$3+D29*$D$3+E29*$E$3+F29*$F$3+G29*$G$3+H29*$H$3+I29*$I$3+J29*$J$3+K29*$K$3+L29*$L$3+M29*$M$3+N29*$N$3+O29*$O$3+P29*$P$3 -> 40892.5 | Y29: =B29*99+C29*$C$3+D29*$D$3+E29*$E$3+F29*$F$3+G29*$G$3+H29*$H$3+I29*$I$3+J29*$J$3+K29*$K$3+L29*$L$3+M29*$M$3+N29*$N$3+O29*$O$3+P29*$P$3 -> 120686.5
U30: =SUM(B30:Q30) -> 0 | V30: =SUM(B30:P30)-D30 -> 0 | W30: =B30+C30+E30+F30+G30*2+H30*3+I30*3+J30+K30*6+L30*5+M30+N30*5+O30*5+P30+Q30 -> 0 | X30: =C30*$C$3+D30*$D$3+E30*$E$3+F30*$F$3+G30*$G$3+H30*$H$3+I30*$I$3+J30*$J$3+K30*$K$3+L30*$L$3+M30*$M$3+N30*$N$3+O30*$O$3+P30*$P$3 -> 0 | Y30: =B30*99+C30*$C$3+D30*$D$3+E30*$E$3+F30*$F$3+G30*$G$3+H30*$H$3+I30*$I$3+J30*$J$3+K30*$K$3+L30*$L$3+M30*$M$3+N30*$N$3+O30*$O$3+P30*$P$3 -> 0
A31: 工作量合计 | B31: =SUM(B4:B30) -> 9925 | C31: =SUM(C4:C30) -> 790 | D31: =SUM(D4:D30) -> 10081 | E31: =SUM(E4:E30) -> 8700 | F31: =SUM(F4:F30) -> 0 | G31: =SUM(G4:G30) -> 1975 | H31: =SUM(H4:H30) -> 38 | I31: =SUM(I4:I30) -> 6 | ... U31: =SUM(U4:U30) -> 11985 | V31: =SUM(B31:P31)-D31 -> 21910 | W31: =SUM(W4:W30) -> 24239 | X31: =SUM(X4:X30) -> 1599415.5 | Y31: =B31*99+C31*$C$3+D31*$D$3+E31*$E$3+F31*$F$3+G31*$G$3+H31*$H$3+I31*$I$3+J31*$J$3+K31*$K$3+L31*$L$3+M31*$M$3+N31*$N$3+O31*$O$3+P31*$P$3 -> 2581990.5
A32: 收入合计 | B32: =B31*B3 -> 982575 | C32: =C31*C3 -> 104280 | D32: =D31*D3 -> 55445.5 | E32: =E31*E3 -> 861300 | F32: =F31*F3 -> 0 | G32: =G31*G3 -> 521400 | H32: =H31*H3 -> 11780 | I32: =I31*I3 -> 1716 | ... P32: =P31*P3 -> 0 | U32: - | V32: - | W32: - | X32: =SUM(C32:P32) -> 1599415.5 | Y32: =SUM(B32:P32) -> 2581990.5

Sheet 2月
A1: 2022年2月超声工作量
A2: 姓名 | B2: 体检例数 | C2: 腔内超声检查 | D2: 图文报告 | E2: 超声检查正常(包括双胎) | F2: 双胎加收 | G2: 脏器灰阶立体成象*2 | H2: 超声检查(胎儿系统) *3 | I2: 胎儿心脏超声 *3 | J2: 残余尿测定 | K2: 床旁彩超 *6 | L2: 床旁彩超加收 *5 | M2: B超常规检 | N2: 脏器声学造影 *5 | O2: 临床操作超声引导*5 | P2: 弹性成像 | Q2: 误时工作量例数 | R2: 疑难病例会诊例数 | S2: 夜班例数 | T2: 扣罚金额 | U2: 门住工作量合计 | V2: 门住体工作量合计 | W2: 绩效工作量 | X2: 门住收入合计 | Y2: 门住体总收入合计
B3: 99 | C3: 132 | D3: 5.5 | E3: 99 | F3: 55 | G3: 264 | H3: 310 | I3: 286 | J3: 55 | K3: 132 | L3: 33 | M3: 27.5 | N3: 143 | O3: 143 | P3: 55 | R3: 20 | S3: 50 | T3: 50-500
A4: 信吉伟 | B4: 30 | C4: 35 | D4: 476 | E4: 433 | G4: 142 | H4: 24 | I4: 4 | N4: 2 | O4: 19 | Q4: 80 | R4: 84 | U4: =SUM(C4:P4)-D4 -> 659 | V4: =SUM(B4:P4)-D4 -> 689 | W4: =B4+C4+E4+F4+G4*2+H4*3+I4*3+J4+K4*6+L4*5+M4+N4*5+O4*5+P4+Q4 -> 1051 | X4: =C4*$C$3+D4*$D$3+E4*$E$3+F4*$F$3+G4*$G$3+H4*$H$3+I4*$I$3+J4*$J$3+K4*$K$3+L4*$L$3+M4*$M$3+N4*$N$3+O4*$O$3+P4*$P$3 -> 99180 | Y4: =B4*99+C4*$C$3+D4*$D$3+E4*$E$3+F4*$F$3+G4*$G$3+H4*$H$3+I4*$I$3+J4*$J$3+K4*$K$3+L4*$L$3+M4*$M$3+N4*$N$3+O4*$O$3+P4*$P$3 -> 102150
A5: 刘思阳 | B5: 3 | D5: 434 | E5: 439 | G5: 84 | J5: 12 | O5: 1 | R5: 4 | U5: =SUM(C5:P5)-D5 -> 536 | V5: =SUM(B5:P5)-D5 -> 539 | W5: =B5+C5+E5+F5+G5*2+H5*3+I5*3+J5+K5*6+L5*5+M5+N5*5+O5*5+P5+Q5 -> 627 | X5: =C5*$C$3+D5*$D$3+E5*$E$3+F5*$F$3+G5*$G$3+H5*$H$3+I5*$I$3+J5*$J$3+K5*$K$3+L5*$L$3+M5*$M$3+N5*$N$3+O5*$O$3+P5*$P$3 -> 68827 | Y5: =B5*99+C5*$C$3+D5*$D$3+E5*$E$3+F5*$F$3+G5*$G$3+H5*$H$3+I5*$I$3+J5*$J$3+K5*$K$3+L5*$L$3+M5*$M$3+N5*$N$3+O5*$O$3+P5*$P$3 -> 69124
A6: 邢卫军 | B6: 220 | C6: 112 | D6: 526 | E6: 357 | G6: 125 | J6: 5 | R6: 4 | U6: =SUM(C6:P6)-D6 -> 599 | V6: =SUM(B6:P6)-D6 -> 819 | W6: =B6+C6+E6+F6+G6*2+H6*3+I6*3+J6+K6*6+L6*5+M6+N6*5+O6*5+P6+Q6 -> 944 | X6: =C6*$C$3+D6*$D$3+E6*$E$3+F6*$F$3+G6*$G$3+H6*$H$3+I6*$I$3+J6*$J$3+K6*$K$3+L6*$L$3+M6*$M$3+N6*$N$3+O6*$O$3+P6*$P$3 -> 86295 | Y6: =B6*99+C6*$C$3+D6*$D$3+E6*$E$3+F6*$F$3+G6*$G$3+H6*$H$3+I6*$I$3+J6*$J$3+K6*$K$3+L6*$L$3+M6*$M$3+N6*$N$3+O6*$O$3+P6*$P$3 -> 108075
A7: 姜纯莲 | B7: 306 | C7: 121 | D7: 644 | E7: 477 | G7: 164 | H7: 1 | J7: 2 | L7: 1 | R7: 2 | U7: =SUM(C7:P7)-D7 -> 766 | V7: =SUM(B7:P7)-D7 -> 1072 | W7: =B7+C7+E7+F7+G7*2+H7*3+I7*3+J7+K7*6+L7*5+M7+N7*5+O7*5+P7+Q7 -> 1242 | X7: =C7*$C$3+D7*$D$3+E7*$E$3+F7*$F$3+G7*$G$3+H7*$H$3+I7*$I$3+J7*$J$3+K7*$K$3+L7*$L$3+M7*$M$3+N7*$N$3+O7*$O$3+P7*$P$3 -> 110486 | Y7: =B7*99+C7*$C$3+D7*$D$3+E7*$E$3+F7*$F$3+G7*$G$3+H7*$H$3+I7*$I$3+J7*$J$3+K7*$K$3+L7*$L$3+M7*$M$3+N7*$N$3+O7*$O$3+P7*$P$3 -> 140780
A8: 王漠璇 | B8: 204 | C8: 176 | D8: 728 | E8: 489 | G8: 244 | J8: 8 | K8: 10 | L8: 4 | R8: 4 | S8: 4 | U8: =SUM(C8:P8)-D8 -> 931 | V8: =SUM(B8:P8)-D8 -> 1135 | W8: =B8+C8+E8+F8+G8*2+H8*3+I8*3+J8+K8*6+L8*5+M8+N8*5+O8*5+P8+Q8 -> 1445 | X8: =C8*$C$3+D8*$D$3+E8*$E$3+F8*$F$3+G8*$G$3+H8*$H$3+I8*$I$3+J8*$J$3+K8*$K$3+L8*$L$3+M8*$M$3+N8*$N$3+O8*$O$3+P8*$P$3 -> 141955 | Y8: =B8*99+C8*$C$3+D8*$D$3+E8*$E$3+F8*$F$3+G8*$G$3+H8*$H$3+I8*$I$3+J8*$J$3+K8*$K$3+L8*$L$3+M8*$M$3+N8*$N$3+O8*$O$3+P8*$P$3 -> 162151
A9: 汪亚新 | B9: 84 | C9: 1 | D9: 263 | E9: 231 | G9: 40 | J9: 4 | R9: 4 | U9: =SUM(C9:P9)-D9 -> 276 | V9: =SUM(B9:P9)-D9 -> 360 | W9: =B9+C9+E9+F9+G9*2+H9*3+I9*3+J9+K9*6+L9*5+M9+N9*5+O9*5+P9+Q9 -> 400 | X9: =C9*$C$3+D9*$D$3+E9*$E$3+F9*$F$3+G9*$G$3+H9*$H$3+I9*$I$3+J9*$J$3+K9*$K$3+L9*$L$3+M9*$M$3+N9*$N$3+O9*$O$3+P9*$P$3 -> 35227.5 | Y9: =B9*99+C9*$C$3+D9*$D$3+E9*$E$3+F9*$F$3+G9*$G$3+H9*$H$3+I9*$I$3+J9*$J$3+K9*$K$3+L9*$L$3+M9*$M$3+N9*$N$3+O9*$O$3+P9*$P$3 -> 43543.5
A10: 李双生 | B10: 265 | C10: 3 | D10: 413 | E10: 441 | G10: 47 | J10: 12 | K10: 26 | R10: 4 | S10: 3 | U10: =SUM(C10:P10)-D10 -> 529 | V10: =SUM(B10:P10)-D10 -> 794 | W10: =B10+C10+E10+F10+G10*2+H10*3+I10*3+J10+K10*6+L10*5+M10+N10*5+O10*5+P10+Q10 -> 971 | X10: =C10*$C$3+D10*$D$3+E10*$E$3+F10*$F$3+G10*$G$3+H10*$H$3+I10*$I$3+J10*$J$3+K10*$K$3+L10*$L$3+M10*$M$3+N10*$N$3+O10*$O$3+P10*$P$3 -> 62826.5 | Y10: =B10*99+C10*$C$3+D10*$D$3+E10*$E$3+F10*$F$3+G10*$G$3+H10*$H$3+I10*$I$3+J10*$J$3+K10*$K$3+L10*$L$3+M10*$M$3+N10*$N$3+O10*$O$3+P10*$P$3 -> 89061.5
A11: 董宝玲 | B11: 305 | C11: 77 | D11: 445 | E11: 313 | G11: 108 | J11: 3 | K11: 11 | L11: 4 | S11: 4 | U11: =SUM(C11:P11)-D11 -> 516 | V11: =SUM(B11:P11)-D11 -> 821 | W11: =B11+C11+E11+F11+G11*2+H11*3+I11*3+J11+K11*6+L11*5+M11+N11*5+O11*5+P11+Q11 -> 1000 | X11: =C11*$C$3+D11*$D$3+E11*$E$3+F11*$F$3+G11*$G$3+H11*$H$3+I11*$I$3+J11*$J$3+K11*$K$3+L11*$L$3+M11*$M$3+N11*$N$3+O11*$O$3+P11*$P$3 -> 73859.5 | Y11: =B11*99+C11*$C$3+D11*$D$3+E11*$E$3+F11*$F$3+G11*$G$3+H11*$H$3+I11*$I$3+J11*$J$3+K11*$K$3+L11*$L$3+M11*$M$3+N11*$N$3+O11*$O$3+P11*$P$3 -> 104054.5
A12: 周晓丽 | B12: 144 | C12: 30 | D12: 298 | E12: 246 | G12: 92 | J12: 2 | K12: 26 | R12: 4 | S12: 4 | U12: =SUM(C12:P12)-D12 -> 396 | V12: =SUM(B12:P12)-D12 -> 540 | W12: =B12+C12+E12+F12+G12*2+H12*3+I12*3+J12+K12*6+L12*5+M12+N12*5+O12*5+P12+Q12 -> 762 | X12: =C12*$C$3+D12*$D$3+E12*$E$3+F12*$F$3+G12*$G$3+H12*$H$3+I12*$I$3+J12*$J$3+K12*$K$3+L12*$L$3+M12*$M$3+N12*$N$3+O12*$O$3+P12*$P$3 -> 57783 | Y12: =B12*99+C12*$C$3+D12*$D$3+E12*$E$3+F12*$F$3+G12*$G$3+H12*$H$3+I12*$I$3+J12*$J$3+K12*$K$3+L12*$L$3+M12*$M$3+N12*$N$3+O12*$O$3+P12*$P$3 -> 72039
A13: 刘炜 | B13: 107 | C13: 74 | D13: 592 | E13: 430 | F13: 1 | G13: 158 | H13: 4 | I13: 5 | J13: 3 | K13: 26 | N13: 2 | R13: 4 | S13: 4 | U13: =SUM(C13:P13)-D13 -> 703 | V13: =SUM(B13:P13)-D13 -> 810 | W13: =B13+C13+E13+F13+G13*2+H13*3+I13*3+J13+K13*6+L13*5+M13+N13*5+O13*5+P13+Q13 -> 1124 | X13: =C13*$C$3+D13*$D$3+E13*$E$3+F13*$F$3+G13*$G$3+H13*$H$3+I13*$I$3+J13*$J$3+K13*$K$3+L13*$L$3+M13*$M$3+N13*$N$3+O13*$O$3+P13*$P$3 -> 103914 | Y13: =B13*99+C13*$C$3+D13*$D$3+E13*$E$3+F13*$F$3+G13*$G$3+H13*$H$3+I13*$I$3+J13*$J$3+K13*$K$3+L13*$L$3+M13*$M$3+N13*$N$3+O13*$O$3+P13*$P$3 -> 114507
A14: 刘涛 | U14: =SUM(C14:P14)-D14 -> 0 | V14: =SUM(B14:P14)-D14 -> 0 | W14: =B14+C14+E14+F14+G14*2+H14*3+I14*3+J14+K14*6+L14*5+M14+N14*5+O14*5+P14+Q14 -> 0 | X14: =C14*$C$3+D14*$D$3+E14*$E$3+F14*$F$3+G14*$G$3+H14*$H$3+I14*$I$3+J14*$J$3+K14*$K$3+L14*$L$3+M14*$M$3+N14*$N$3+O14*$O$3+P14*$P$3 -> 0 | Y14: =B14*99+C14*$C$3+D14*$D$3+E14*$E$3+F14*$F$3+G14*$G$3+H14*$H$3+I14*$I$3+J14*$J$3+K14*$K$3+L14*$L$3+M14*$M$3+N14*$N$3+O14*$O$3+P14*$P$3 -> 0
A15: 朱凯 | B15: 125 | C15: 8 | D15: 617 | E15: 628 | F15: 1 | G15: 84 | J15: 9 | K15: 9 | L15: 2 | O15: 7 | R15: 2 | S15: 4 | U15: =SUM(C15:P15)-D15 -> 748 | V15: =SUM(B15:P15)-D15 -> 873 | W15: =B15+C15+E15+F15+G15*2+H15*3+I15*3+J15+K15*6+L15*5+M15+N15*5+O15*5+P15+Q15 -> 1038 | X15: =C15*$C$3+D15*$D$3+E15*$E$3+F15*$F$3+G15*$G$3+H15*$H$3+I15*$I$3+J15*$J$3+K15*$K$3+L15*$L$3+M15*$M$3+N15*$N$3+O15*$O$3+P15*$P$3 -> 91602.5 | Y15: =B15*99+C15*$C$3+D15*$D$3+E15*$E$3+F15*$F$3+G15*$G$3+H15*$H$3+I15*$I$3+J15*$J$3+K15*$K$3+L15*$L$3+M15*$M$3+N15*$N$3+O15*$O$3+P15*$P$3 -> 103977.5
A16: 李晓莹 | B16: 419 | C16: 74 | D16: 591 | E16: 446 | G16: 166 | H16: 2 | J16: 3 | K16: 7 | L16: 3 | R16: 4 | S16: 4 | U16: =SUM(C16:P16)-D16 -> 701 | V16: =SUM(B16:P16)-D16 -> 1120 | W16: =B16+C16+E16+F16+G16*2+H16*3+I16*3+J16+K16*6+L16*5+M16+N16*5+O16*5+P16+Q16 -> 1337 | X16: =C16*$C$3+D16*$D$3+E16*$E$3+F16*$F$3+G16*$G$3+H16*$H$3+I16*$I$3+J16*$J$3+K16*$K$3+L16*$L$3+M16*$M$3+N16*$N$3+O16*$O$3+P16*$P$3 -> 102804.5 | Y16: =B16*99+C16*$C$3+D16*$D$3+E16*$E$3+F16*$F$3+G16*$G$3+H16*$H$3+I16*$I$3+J16*$J$3+K16*$K$3+L16*$L$3+M16*$M$3+N16*$N$3+O16*$O$3+P16*$P$3 -> 144285.5
A17: 孟凡伟 | B17: 236 | C17: 3 | D17: 589 | E17: 558 | G17: 117 | J17: 25 | K17: 18 | R17: 4 | S17: 4 | U17: =SUM(C17:P17)-D17 -> 721 | V17: =SUM(B17:P17)-D17 -> 957 | W17: =B17+C17+E17+F17+G17*2+H17*3+I17*3+J17+K17*6+L17*5+M17+N17*5+O17*5+P17+Q17 -> 1164 | X17: =C17*$C$3+D17*$D$3+E17*$E$3+F17*$F$3+G17*$G$3+H17*$H$3+I17*$I$3+J17*$J$3+K17*$K$3+L17*$L$3+M17*$M$3+N17*$N$3+O17*$O$3+P17*$P$3 -> 93516.5 | Y17: =B17*99+C17*$C$3+D17*$D$3+E17*$E$3+F17*$F$3+G17*$G$3+H17*$H$3+I17*$I$3+J17*$J$3+K17*$K$3+L17*$L$3+M17*$M$3+N17*$N$3+O17*$O$3+P17*$P$3 -> 116880.5
A18: 王桐 | B18: 317 | C18: 38 | D18: 305 | E18: 272 | G18: 91 | H18: 1 | J18: 1 | L18: 6 | R18: 4 | S18: 4 | U18: =SUM(C18:P18)-D18 -> 409 | V18: =SUM(B18:P18)-D18 -> 726 | W18: =B18+C18+E18+F18+G18*2+H18*3+I18*3+J18+K18*6+L18*5+M18+N18*5+O18*5+P18+Q18 -> 843 | X18: =C18*$C$3+D18*$D$3+E18*$E$3+F18*$F$3+G18*$G$3+H18*$H$3+I18*$I$3+J18*$J$3+K18*$K$3+L18*$L$3+M18*$M$3+N18*$N$3+O18*$O$3+P18*$P$3 -> 58208.5 | Y18: =B18*99+C18*$C$3+D18*$D$3+E18*$E$3+F18*$F$3+G18*$G$3+H18*$H$3+I18*$I$3+J18*$J$3+K18*$K$3+L18*$L$3+M18*$M$3+N18*$N$3+O18*$O$3+P18*$P$3 -> 89591.5
A19: 程日 | B19: 290 | C19: 11 | D19: 440 | E19: 453 | G19: 53 | J19: 7 | K19: 17 | R19: 4 | S19: 4 | U19: =SUM(C19:P19)-D19 -> 541 | V19: =SUM(B19:P19)-D19 -> 831 | W19: =B19+C19+E19+F19+G19*2+H19*3+I19*3+J19+K19*6+L19*5+M19+N19*5+O19*5+P19+Q19 -> 969 | X19: =C19*$C$3+D19*$D$3+E19*$E$3+F19*$F$3+G19*$G$3+H19*$H$3+I19*$I$3+J19*$J$3+K19*$K$3+L19*$L$3+M19*$M$3+N19*$N$3+O19*$O$3+P19*$P$3 -> 65340 | Y19: =B19*99+C19*$C$3+D19*$D$3+E19*$E$3+F19*$F$3+G19*$G$3+H19*$H$3+I19*$I$3+J19*$J$3+K19*$K$3+L19*$L$3+M19*$M$3+N19*$N$3+O19*$O$3+P19*$P$3 -> 94050
A20: 洪森 | B20: 253 | C20: 3 | D20: 589 | E20: 604 | G20: 77 | J20: 23 | K20: 12 | L20: 1 | O20: 1 | R20: 2 | S20: 4 | U20: =SUM(C20:P20)-D20 -> 721 | V20: =SUM(B20:P20)-D20 -> 974 | W20: =B20+C20+E20+F20+G20*2+H20*3+I20*3+J20+K20*6+L20*5+M20+N20*5+O20*5+P20+Q20 -> 1119 | X20: =C20*$C$3+D20*$D$3+E20*$E$3+F20*$F$3+G20*$G$3+H20*$H$3+I20*$I$3+J20*$J$3+K20*$K$3+L20*$L$3+M20*$M$3+N20*$N$3+O20*$O$3+P20*$P$3 -> 86784.5 | Y20: =B20*99+C20*$C$3+D20*$D$3+E20*$E$3+F20*$F$3+G20*$G$3+H20*$H$3+I20*$I$3+J20*$J$3+K20*$K$3+L20*$L$3+M20*$M$3+N20*$N$3+O20*$O$3+P20*$P$3 -> 111831.5
A21: 马延梁 | B21: 453 | C21: 14 | D21: 532 | E21: 588 | G21: 63 | J21: 29 | K21: 20 | L21: 4 | R21: 4 | S21: 8 | U21: =SUM(C21:P21)-D21 -> 718 | V21: =SUM(B21:P21)-D21 -> 1171 | W21: =B21+C21+E21+F21+G21*2+H21*3+I21*3+J21+K21*6+L21*5+M21+N21*5+O21*5+P21+Q21 -> 1350 | X21: =C21*$C$3+D21*$D$3+E21*$E$3+F21*$F$3+G21*$G$3+H21*$H$3+I21*$I$3+J21*$J$3+K21*$K$3+L21*$L$3+M21*$M$3+N21*$N$3+O21*$O$3+P21*$P$3 -> 83985 | Y21: =B21*99+C21*$C$3+D21*$D$3+E21*$E$3+F21*$F$3+G21*$G$3+H21*$H$3+I21*$I$3+J21*$J$3+K21*$K$3+L21*$L$3+M21*$M$3+N21*$N$3+O21*$O$3+P21*$P$3 -> 128832
A22: 史嘉琳 | B22: 117 | C22: 192 | D22: 928 | E22: 536 | F22: 1 | G22: 255 | J22: 5 | R22: 4 | S22: 1 | U22: =SUM(C22:P22)-D22 -> 989 | V22: =SUM(B22:P22)-D22 -> 1106 | W22: =B22+C22+E22+F22+G22*2+H22*3+I22*3+J22+K22*6+L22*5+M22+N22*5+O22*5+P22+Q22 -> 1361 | X22: =C22*$C$3+D22*$D$3+E22*$E$3+F22*$F$3+G22*$G$3+H22*$H$3+I22*$I$3+J22*$J$3+K22*$K$3+L22*$L$3+M22*$M$3+N22*$N$3+O22*$O$3+P22*$P$3 -> 151162 | Y22: =B22*99+C22*$C$3+D22*$D$3+E22*$E$3+F22*$F$3+G22*$G$3+H22*$H$3+I22*$I$3+J22*$J$3+K22*$K$3+L22*$L$3+M22*$M$3+N22*$N$3+O22*$O$3+P22*$P$3 -> 162745
A23: 孙承飞 | B23: 168 | C23: 8 | D23: 780 | E23: 720 | F23: 1 | G23: 62 | J23: 26 | K23: 2 | R23: 2 | S23: 4 | U23: =SUM(C23:P23)-D23 -> 819 | V23: =SUM(B23:P23)-D23 -> 987 | W23: =B23+C23+E23+F23+G23*2+H23*3+I23*3+J23+K23*6+L23*5+M23+N23*5+O23*5+P23+Q23 -> 1059 | X23: =C23*$C$3+D23*$D$3+E23*$E$3+F23*$F$3+G23*$G$3+H23*$H$3+I23*$I$3+J23*$J$3+K23*$K$3+L23*$L$3+M23*$M$3+N23*$N$3+O23*$O$3+P23*$P$3 -> 94743 | Y23: =B23*99+C23*$C$3+D23*$D$3+E23*$E$3+F23*$F$3+G23*$G$3+H23*$H$3+I23*$I$3+J23*$J$3+K23*$K$3+L23*$L$3+M23*$M$3+N23*$N$3+O23*$O$3+P23*$P$3 -> 111375
A24: 赵希平 | B24: 207 | C24: 5 | D24: 510 | E24: 506 | G24: 88 | J24: 19 | K24: 15 | L24: 6 | R24: 4 | S24: 3 | U24: =SUM(C24:P24)-D24 -> 639 | V24: =SUM(B24:P24)-D24 -> 846 | W24: =B24+C24+E24+F24+G24*2+H24*3+I24*3+J24+K24*6+L24*5+M24+N24*5+O24*5+P24+Q24 -> 1033 | X24: =C24*$C$3+D24*$D$3+E24*$E$3+F24*$F$3+G24*$G$3+H24*$H$3+I24*$I$3+J24*$J$3+K24*$K$3+L24*$L$3+M24*$M$3+N24*$N$3+O24*$O$3+P24*$P$3 -> 80014 | Y24: =B24*99+C24*$C$3+D24*$D$3+E24*$E$3+F24*$F$3+G24*$G$3+H24*$H$3+I24*$I$3+J24*$J$3+K24*$K$3+L24*$L$3+M24*$M$3+N24*$N$3+O24*$O$3+P24*$P$3 -> 100507
A25: 李嘉鹏 | R25: 25 | U25: =SUM(C25:P25)-D25 -> 0 | V25: =SUM(B25:P25)-D25 -> 0 | W25: =B25+C25+E25+F25+G25*2+H25*3+I25*3+J25+K25*6+L25*5+M25+N25*5+O25*5+P25+Q25 -> 0 | X25: =C25*$C$3+D25*$D$3+E25*$E$3+F25*$F$3+G25*$G$3+H25*$H$3+I25*$I$3+J25*$J$3+K25*$K$3+L25*$L$3+M25*$M$3+N25*$N$3+O25*$O$3+P25*$P$3 -> 0 | Y25: =B25*99+C25*$C$3+D25*$D$3+E25*$E$3+F25*$F$3+G25*$G$3+H25*$H$3+I25*$I$3+J25*$J$3+K25*$K$3+L25*$L$3+M25*$M$3+N25*$N$3+O25*$O$3+P25*$P$3 -> 0
A26: 姚静雯 | R26: 25 | U26: =SUM(C26:P26)-D26 -> 0 | V26: =SUM(B26:P26)-D26 -> 0 | W26: =B26+C26+E26+F26+G26*2+H26*3+I26*3+J26+K26*6+L26*5+M26+N26*5+O26*5+P26+Q26 -> 0 | X26: =C26*$C$3+D26*$D$3+E26*$E$3+F26*$F$3+G26*$G$3+H26*$H$3+I26*$I$3+J26*$J$3+K26*$K$3+L26*$L$3+M26*$M$3+N26*$N$3+O26*$O$3+P26*$P$3 -> 0 | Y26: =B26*99+C26*$C$3+D26*$D$3+E26*$E$3+F26*$F$3+G26*$G$3+H26*$H$3+I26*$I$3+J26*$J$3+K26*$K$3+L26*$L$3+M26*$M$3+N26*$N$3+O26*$O$3+P26*$P$3 -> 0
A27: 李楠 | R27: 15 | U27: =SUM(C27:P27)-D27 -> 0 | V27: =SUM(B27:P27)-D27 -> 0 | W27: =B27+C27+E27+F27+G27*2+H27*3+I27*3+J27+K27*6+L27*5+M27+N27*5+O27*5+P27+Q27 -> 0 | X27: =C27*$C$3+D27*$D$3+E27*$E$3+F27*$F$3+G27*$G$3+H27*$H$3+I27*$I$3+J27*$J$3+K27*$K$3+L27*$L$3+M27*$M$3+N27*$N$3+O27*$O$3+P27*$P$3 -> 0 | Y27: =B27*99+C27*$C$3+D27*$D$3+E27*$E$3+F27*$F$3+G27*$G$3+H27*$H$3+I27*$I$3+J27*$J$3+K27*$K$3+L27*$L$3+M27*$M$3+N27*$N$3+O27*$O$3+P27*$P$3 -> 0
A28: 韩天福 | R28: 15 | U28: =SUM(C28:P28)-D28 -> 0 | V28: =SUM(B28:P28)-D28 -> 0 | W28: =B28+C28+E28+F28+G28*2+H28*3+I28*3+J28+K28*6+L28*5+M28+N28*5+O28*5+P28+Q28 -> 0 | X28: =C28*$C$3+D28*$D$3+E28*$E$3+F28*$F$3+G28*$G$3+H28*$H$3+I28*$I$3+J28*$J$3+K28*$K$3+L28*$L$3+M28*$M$3+N28*$N$3+O28*$O$3+P28*$P$3 -> 0 | Y28: =B28*99+C28*$C$3+D28*$D$3+E28*$E$3+F28*$F$3+G28*$G$3+H28*$H$3+I28*$I$3+J28*$J$3+K28*$K$3+L28*$L$3+M28*$M$3+N28*$N$3+O28*$O$3+P28*$P$3 -> 0
A29: 刘海燕 | B29: 33 | C29: 25 | D29: 325 | E29: 260 | G29: 92 | J29: 3 | U29: =SUM(C29:P29)-D29 -> 380 | V29: =SUM(B29:P29)-D29 -> 413 | W29: 0 | X29: =C29*$C$3+D29*$D$3+E29*$E$3+F29*$F$3+G29*$G$3+H29*$H$3+I29*$I$3+J29*$J$3+K29*$K$3+L29*$L$3+M29*$M$3+N29*$N$3+O29*$O$3+P29*$P$3 -> 55280.5 | Y29: =B29*99+C29*$C$3+D29*$D$3+E29*$E$3+F29*$F$3+G29*$G$3+H29*$H$3+I29*$I$3+J29*$J$3+K29*$K$3+L29*$L$3+M29*$M$3+N29*$N$3+O29*$O$3+P29*$P$3 -> 58547.5
U30: =SUM(B30:Q30) -> 0 | V30: =SUM(B30:P30)-D30 -> 0 | W30: =B30+C30+E30+F30+G30*2+H30*3+I30*3+J30+K30*6+L30*5+M30+N30*5+O30*5+P30+Q30 -> 0 | X30: =C30*$C$3+D30*$D$3+E30*$E$3+F30*$F$3+G30*$G$3+H30*$H$3+I30*$I$3+J30*$J$3+K30*$K$3+L30*$L$3+M30*$M$3+N30*$N$3+O30*$O$3+P30*$P$3 -> 0 | Y30: =B30*99+C30*$C$3+D30*$D$3+E30*$E$3+F30*$F$3+G30*$G$3+H30*$H$3+I30*$I$3+J30*$J$3+K30*$K$3+L30*$L$3+M30*$M$3+N30*$N$3+O30*$O$3+P30*$P$3 -> 0
A31: 工作量合计 | B31: =SUM(B4:B30) -> 4286 | C31: =SUM(C4:C30) -> 1010 | D31: =SUM(D4:D30) -> 11025 | E31: =SUM(E4:E30) -> 9427 | F31: =SUM(F4:F30) -> 4 | G31: =SUM(G4:G30) -> 2352 | H31: =SUM(H4:H30) -> 32 | I31: =SUM(I4:I30) -> 9 | ... U31: =SUM(U4:U30) -> 13297 | V31: =SUM(B31:P31)-D31 -> 17583 | W31: =SUM(W4:W30) -> 20839 | X31: =SUM(X4:X30) -> 1803794.5 | Y31: =B31*99+C31*$C$3+D31*$D$3+E31*$E$3+F31*$F$3+G31*$G$3+H31*$H$3+I31*$I$3+J31*$J$3+K31*$K$3+L31*$L$3+M31*$M$3+N31*$N$3+O31*$O$3+P31*$P$3 -> 2228108.5
A32: 收入合计 | B32: =B31*B3 -> 424314 | C32: =C31*C3 -> 133320 | D32: =D31*D3 -> 60637.5 | E32: =E31*E3 -> 933273 | F32: =F31*F3 -> 220 | G32: =G31*G3 -> 620928 | H32: =H31*H3 -> 9920 | I32: =I31*I3 -> 2574 | ... P32: =P31*P3 -> 0 | U32: - | V32: - | W32: - | X32: =SUM(C32:P32) -> 1803794.5 | Y32: =SUM(B32:P32) -> 2228108.5

Sheet 3月
A1: 2022年3月超声工作量
A2: 姓名 | B2: 体检例数 | C2: 腔内超声检查 | D2: 图文报告 | E2: 超声检查正常(包括双胎) | F2: 双胎加收 | G2: 脏器灰阶立体成象*2 | H2: 超声检查(胎儿系统) *3 | I2: 胎儿心脏超声 *3 | J2: 残余尿测定 | K2: 床旁彩超 *6 | L2: 床旁彩超加收 *5 | M2: B超常规检 | N2: 脏器声学造影 *5 | O2: 临床操作超声引导*5 | P2: 弹性成像 | Q2: 误时工作量例数 | R2: 疑难病例会诊例数 | S2: 夜班例数 | T2: 扣罚金额 | U2: 门住工作量合计 | V2: 门住体工作量合计 | W2: 绩效工作量 | X2: 门住收入合计 | Y2: 门住体总收入合计
B3: 99 | C3: 132 | D3: 5.5 | E3: 99 | F3: 55 | G3: 264 | H3: 310 | I3: 286 | J3: 55 | K3: 132 | L3: 33 | M3: 27.5 | N3: 143 | O3: 143 | P3: 55 | R3: 20 | S3: 50 | T3: 50-500
A4: 信吉伟 | B4: 15 | C4: 51 | D4: 505 | E4: 384 | F4: 2 | G4: 138 | H4: 36 | I4: 1 | J4: 1 | K4: 0 | L4: 0 | M4: 0 | N4: 11 | O4: 36 | P4: 0 | Q4: 80 | R4: 88 | U4: =SUM(C4:P4)-D4 -> 660 | V4: =SUM(B4:P4)-D4 -> 675 | W4: =B4+C4+E4+F4+G4*2+H4*3+I4*3+J4+K4*6+L4*5+M4+N4*5+O4*5+P4+Q4 -> 1155 | X4: =C4*$C$3+D4*$D$3+E4*$E$3+F4*$F$3+G4*$G$3+H4*$H$3+I4*$I$3+J4*$J$3+K4*$K$3+L4*$L$3+M4*$M$3+N4*$N$3+O4*$O$3+P4*$P$3 -> 102289.5 | Y4: =B4*99+C4*$C$3+D4*$D$3+E4*$E$3+F4*$F$3+G4*$G$3+H4*$H$3+I4*$I$3+J4*$J$3+K4*$K$3+L4*$L$3+M4*$M$3+N4*$N$3+O4*$O$3+P4*$P$3 -> 103774.5
A5: 刘思阳 | B5: 69 | D5: 595 | E5: 620 | G5: 97 | J5: 28 | R5: 8 | U5: =SUM(C5:P5)-D5 -> 745 | V5: =SUM(B5:P5)-D5 -> 814 | W5: =B5+C5+E5+F5+G5*2+H5*3+I5*3+J5+K5*6+L5*5+M5+N5*5+O5*5+P5+Q5 -> 911 | X5: =C5*$C$3+D5*$D$3+E5*$E$3+F5*$F$3+G5*$G$3+H5*$H$3+I5*$I$3+J5*$J$3+K5*$K$3+L5*$L$3+M5*$M$3+N5*$N$3+O5*$O$3+P5*$P$3 -> 91800.5 | Y5: =B5*99+C5*$C$3+D5*$D$3+E5*$E$3+F5*$F$3+G5*$G$3+H5*$H$3+I5*$I$3+J5*$J$3+K5*$K$3+L5*$L$3+M5*$M$3+N5*$N$3+O5*$O$3+P5*$P$3 -> 98631.5
A6: 邢卫军 | B6: 408 | C6: 105 | D6: 564 | E6: 365 | G6: 161 | J6: 3 | R6: 4 | U6: =SUM(C6:P6)-D6 -> 634 | V6: =SUM(B6:P6)-D6 -> 1042 | W6: =B6+C6+E6+F6+G6*2+H6*3+I6*3+J6+K6*6+L6*5+M6+N6*5+O6*5+P6+Q6 -> 1203 | X6: =C6*$C$3+D6*$D$3+E6*$E$3+F6*$F$3+G6*$G$3+H6*$H$3+I6*$I$3+J6*$J$3+K6*$K$3+L6*$L$3+M6*$M$3+N6*$N$3+O6*$O$3+P6*$P$3 -> 95766 | Y6: =B6*99+C6*$C$3+D6*$D$3+E6*$E$3+F6*$F$3+G6*$G$3+H6*$H$3+I6*$I$3+J6*$J$3+K6*$K$3+L6*$L$3+M6*$M$3+N6*$N$3+O6*$O$3+P6*$P$3 -> 136158
A7: 姜纯莲 | B7: 434 | C7: 169 | D7: 958 | E7: 659 | G7: 246 | J7: 8 | R7: 8 | U7: =SUM(C7:P7)-D7 -> 1082 | V7: =SUM(B7:P7)-D7 -> 1516 | W7: =B7+C7+E7+F7+G7*2+H7*3+I7*3+J7+K7*6+L7*5+M7+N7*5+O7*5+P7+Q7 -> 1762 | X7: =C7*$C$3+D7*$D$3+E7*$E$3+F7*$F$3+G7*$G$3+H7*$H$3+I7*$I$3+J7*$J$3+K7*$K$3+L7*$L$3+M7*$M$3+N7*$N$3+O7*$O$3+P7*$P$3 -> 158202 | Y7: =B7*99+C7*$C$3+D7*$D$3+E7*$E$3+F7*$F$3+G7*$G$3+H7*$H$3+I7*$I$3+J7*$J$3+K7*$K$3+L7*$L$3+M7*$M$3+N7*$N$3+O7*$O$3+P7*$P$3 -> 201168
A8: 王漠璇 | B8: 370 | C8: 158 | D8: 870 | E8: 547 | G8: 291 | J8: 9 | R8: 6 | U8: =SUM(C8:P8)-D8 -> 1005 | V8: =SUM(B8:P8)-D8 -> 1375 | W8: =B8+C8+E8+F8+G8*2+H8*3+I8*3+J8+K8*6+L8*5+M8+N8*5+O8*5+P8+Q8 -> 1666 | X8: =C8*$C$3+D8*$D$3+E8*$E$3+F8*$F$3+G8*$G$3+H8*$H$3+I8*$I$3+J8*$J$3+K8*$K$3+L8*$L$3+M8*$M$3+N8*$N$3+O8*$O$3+P8*$P$3 -> 157113 | Y8: =B8*99+C8*$C$3+D8*$D$3+E8*$E$3+F8*$F$3+G8*$G$3+H8*$H$3+I8*$I$3+J8*$J$3+K8*$K$3+L8*$L$3+M8*$M$3+N8*$N$3+O8*$O$3+P8*$P$3 -> 193743
A9: 汪亚新 | B9: 120 | D9: 374 | E9: 353 | G9: 54 | J9: 13 | R9: 8 | U9: =SUM(C9:P9)-D9 -> 420 | V9: =SUM(B9:P9)-D9 -> 540 | W9: =B9+C9+E9+F9+G9*2+H9*3+I9*3+J9+K9*6+L9*5+M9+N9*5+O9*5+P9+Q9 -> 594 | X9: =C9*$C$3+D9*$D$3+E9*$E$3+F9*$F$3+G9*$G$3+H9*$H$3+I9*$I$3+J9*$J$3+K9*$K$3+L9*$L$3+M9*$M$3+N9*$N$3+O9*$O$3+P9*$P$3 -> 51975 | Y9: =B9*99+C9*$C$3+D9*$D$3+E9*$E$3+F9*$F$3+G9*$G$3+H9*$H$3+I9*$I$3+J9*$J$3+K9*$K$3+L9*$L$3+M9*$M$3+N9*$N$3+O9*$O$3+P9*$P$3 -> 63855
A10: 李双生 | B10: 524 | C10: 4 | D10: 507 | E10: 519 | F10: 0 | G10: 102 | H10: 0 | I10: 0 | J10: 17 | K10: 33 | L10: 0 | M10: 0 | R10: 4 | S10: 3 | U10: =SUM(C10:P10)-D10 -> 675 | V10: =SUM(B10:P10)-D10 -> 1199 | W10: =B10+C10+E10+F10+G10*2+H10*3+I10*3+J10+K10*6+L10*5+M10+N10*5+O10*5+P10+Q10 -> 1466 | X10: =C10*$C$3+D10*$D$3+E10*$E$3+F10*$F$3+G10*$G$3+H10*$H$3+I10*$I$3+J10*$J$3+K10*$K$3+L10*$L$3+M10*$M$3+N10*$N$3+O10*$O$3+P10*$P$3 -> 86916.5 | Y10: =B10*99+C10*$C$3+D10*$D$3+E10*$E$3+F10*$F$3+G10*$G$3+H10*$H$3+I10*$I$3+J10*$J$3+K10*$K$3+L10*$L$3+M10*$M$3+N10*$N$3+O10*$O$3+P10*$P$3 -> 138792.5
A11: 董宝玲 | B11: 605 | C11: 31 | D11: 342 | E11: 303 | F11: 3 | G11: 82 | H11: 0 | I11: 0 | J11: 2 | K11: 16 | L11: 7 | S11: 2 | U11: =SUM(C11:P11)-D11 -> 444 | V11: =SUM(B11:P11)-D11 -> 1049 | W11: =B11+C11+E11+F11+G11*2+H11*3+I11*3+J11+K11*6+L11*5+M11+N11*5+O11*5+P11+Q11 -> 1239 | X11: =C11*$C$3+D11*$D$3+E11*$E$3+F11*$F$3+G11*$G$3+H11*$H$3+I11*$I$3+J11*$J$3+K11*$K$3+L11*$L$3+M11*$M$3+N11*$N$3+O11*$O$3+P11*$P$3 -> 60236 | Y11: =B11*99+C11*$C$3+D11*$D$3+E11*$E$3+F11*$F$3+G11*$G$3+H11*$H$3+I11*$I$3+J11*$J$3+K11*$K$3+L11*$L$3+M11*$M$3+N11*$N$3+O11*$O$3+P11*$P$3 -> 120131
A12: 周晓丽 | B12: 205 | C12: 38 | D12: 329 | E12: 294 | F12: 0 | G12: 60 | H12: 0 | I12: 4 | J12: 2 | K12: 15 | R12: 8 | S12: 3 | U12: =SUM(C12:P12)-D12 -> 413 | V12: =SUM(B12:P12)-D12 -> 618 | W12: =B12+C12+E12+F12+G12*2+H12*3+I12*3+J12+K12*6+L12*5+M12+N12*5+O12*5+P12+Q12 -> 761 | X12: =C12*$C$3+D12*$D$3+E12*$E$3+F12*$F$3+G12*$G$3+H12*$H$3+I12*$I$3+J12*$J$3+K12*$K$3+L12*$L$3+M12*$M$3+N12*$N$3+O12*$O$3+P12*$P$3 -> 55005.5 | Y12: =B12*99+C12*$C$3+D12*$D$3+E12*$E$3+F12*$F$3+G12*$G$3+H12*$H$3+I12*$I$3+J12*$J$3+K12*$K$3+L12*$L$3+M12*$M$3+N12*$N$3+O12*$O$3+P12*$P$3 -> 75300.5
A13: 刘炜 | B13: 248 | C13: 138 | D13: 718 | E13: 422 | F13: 1 | G13: 223 | H13: 9 | I13: 12 | J13: 2 | K13: 1 | L13: 0 | M13: 0 | N13: 7 | R13: 8 | U13: =SUM(C13:P13)-D13 -> 815 | V13: =SUM(B13:P13)-D13 -> 1063 | W13: =B13+C13+E13+F13+G13*2+H13*3+I13*3+J13+K13*6+L13*5+M13+N13*5+O13*5+P13+Q13 -> 1361 | X13: =C13*$C$3+D13*$D$3+E13*$E$3+F13*$F$3+G13*$G$3+H13*$H$3+I13*$I$3+J13*$J$3+K13*$K$3+L13*$L$3+M13*$M$3+N13*$N$3+O13*$O$3+P13*$P$3 -> 130335 | Y13: =B13*99+C13*$C$3+D13*$D$3+E13*$E$3+F13*$F$3+G13*$G$3+H13*$H$3+I13*$I$3+J13*$J$3+K13*$K$3+L13*$L$3+M13*$M$3+N13*$N$3+O13*$O$3+P13*$P$3 -> 154887
A14: 刘涛 | U14: =SUM(C14:P14)-D14 -> 0 | V14: =SUM(B14:P14)-D14 -> 0 | W14: =B14+C14+E14+F14+G14*2+H14*3+I14*3+J14+K14*6+L14*5+M14+N14*5+O14*5+P14+Q14 -> 0 | X14: =C14*$C$3+D14*$D$3+E14*$E$3+F14*$F$3+G14*$G$3+H14*$H$3+I14*$I$3+J14*$J$3+K14*$K$3+L14*$L$3+M14*$M$3+N14*$N$3+O14*$O$3+P14*$P$3 -> 0 | Y14: =B14*99+C14*$C$3+D14*$D$3+E14*$E$3+F14*$F$3+G14*$G$3+H14*$H$3+I14*$I$3+J14*$J$3+K14*$K$3+L14*$L$3+M14*$M$3+N14*$N$3+O14*$O$3+P14*$P$3 -> 0
A15: 朱凯 | B15: 251 | C15: 19 | D15: 774 | E15: 765 | F15: 1 | G15: 108 | H15: 0 | I15: 0 | J15: 11 | K15: 15 | L15: 0 | M15: 1 | N15: 0 | O15: 9 | R15: 6 | S15: 2 | U15: =SUM(C15:P15)-D15 -> 929 | V15: =SUM(B15:P15)-D15 -> 1180 | W15: =B15+C15+E15+F15+G15*2+H15*3+I15*3+J15+K15*6+L15*5+M15+N15*5+O15*5+P15+Q15 -> 1399 | X15: =C15*$C$3+D15*$D$3+E15*$E$3+F15*$F$3+G15*$G$3+H15*$H$3+I15*$I$3+J15*$J$3+K15*$K$3+L15*$L$3+M15*$M$3+N15*$N$3+O15*$O$3+P15*$P$3 -> 114966.5 | Y15: =B15*99+C15*$C$3+D15*$D$3+E15*$E$3+F15*$F$3+G15*$G$3+H15*$H$3+I15*$I$3+J15*$J$3+K15*$K$3+L15*$L$3+M15*$M$3+N15*$N$3+O15*$O$3+P15*$P$3 -> 139815.5
A16: 李晓莹 | B16: 432 | C16: 128 | D16: 857 | E16: 590 | G16: 251 | H16: 1 | J16: 5 | K16: 14 | L16: 2 | R16: 6 | S16: 3 | U16: =SUM(C16:P16)-D16 -> 991 | V16: =SUM(B16:P16)-D16 -> 1423 | W16: =B16+C16+E16+F16+G16*2+H16*3+I16*3+J16+K16*6+L16*5+M16+N16*5+O16*5+P16+Q16 -> 1754 | X16: =C16*$C$3+D16*$D$3+E16*$E$3+F16*$F$3+G16*$G$3+H16*$H$3+I16*$I$3+J16*$J$3+K16*$K$3+L16*$L$3+M16*$M$3+N16*$N$3+O16*$O$3+P16*$P$3 -> 148782.5 | Y16: =B16*99+C16*$C$3+D16*$D$3+E16*$E$3+F16*$F$3+G16*$G$3+H16*$H$3+I16*$I$3+J16*$J$3+K16*$K$3+L16*$L$3+M16*$M$3+N16*$N$3+O16*$O$3+P16*$P$3 -> 191550.5
A17: 孟凡伟 | B17: 317 | C17: 19 | D17: 430 | E17: 454 | F17: 0 | G17: 28 | H17: 0 | I17: 0 | J17: 10 | K17: 19 | L17: 0 | M17: 0 | N17: 0 | O17: 0 | R17: 4 | S17: 2 | U17: =SUM(C17:P17)-D17 -> 530 | V17: =SUM(B17:P17)-D17 -> 847 | W17: =B17+C17+E17+F17+G17*2+H17*3+I17*3+J17+K17*6+L17*5+M17+N17*5+O17*5+P17+Q17 -> 970 | X17: =C17*$C$3+D17*$D$3+E17*$E$3+F17*$F$3+G17*$G$3+H17*$H$3+I17*$I$3+J17*$J$3+K17*$K$3+L17*$L$3+M17*$M$3+N17*$N$3+O17*$O$3+P17*$P$3 -> 60269 | Y17: =B17*99+C17*$C$3+D17*$D$3+E17*$E$3+F17*$F$3+G17*$G$3+H17*$H$3+I17*$I$3+J17*$J$3+K17*$K$3+L17*$L$3+M17*$M$3+N17*$N$3+O17*$O$3+P17*$P$3 -> 91652
A18: 王桐 | B18: 345 | C18: 38 | D18: 241 | E18: 200 | F18: 1 | G18: 41 | H18: 0 | I18: 0 | J18: 1 | K18: 27 | L18: 0 | M18: 0 | N18: 0 | R18: 2 | S18: 2 | U18: =SUM(C18:P18)-D18 -> 308 | V18: =SUM(B18:P18)-D18 -> 653 | W18: =B18+C18+E18+F18+G18*2+H18*3+I18*3+J18+K18*6+L18*5+M18+N18*5+O18*5+P18+Q18 -> 829 | X18: =C18*$C$3+D18*$D$3+E18*$E$3+F18*$F$3+G18*$G$3+H18*$H$3+I18*$I$3+J18*$J$3+K18*$K$3+L18*$L$3+M18*$M$3+N18*$N$3+O18*$O$3+P18*$P$3 -> 40639.5 | Y18: =B18*99+C18*$C$3+D18*$D$3+E18*$E$3+F18*$F$3+G18*$G$3+H18*$H$3+I18*$I$3+J18*$J$3+K18*$K$3+L18*$L$3+M18*$M$3+N18*$N$3+O18*$O$3+P18*$P$3 -> 74794.5
A19: 程日 | B19: 553 | C19: 9 | D19: 502 | E19: 496 | F19: 0 | G19: 76 | H19: 0 | I19: 0 | J19: 14 | K19: 19 | L19: 0 | R19: 2 | S19: 3 | U19: =SUM(C19:P19)-D19 -> 614 | V19: =SUM(B19:P19)-D19 -> 1167 | W19: =B19+C19+E19+F19+G19*2+H19*3+I19*3+J19+K19*6+L19*5+M19+N19*5+O19*5+P19+Q19 -> 1338 | X19: =C19*$C$3+D19*$D$3+E19*$E$3+F19*$F$3+G19*$G$3+H19*$H$3+I19*$I$3+J19*$J$3+K19*$K$3+L19*$L$3+M19*$M$3+N19*$N$3+O19*$O$3+P19*$P$3 -> 76395 | Y19: =B19*99+C19*$C$3+D19*$D$3+E19*$E$3+F19*$F$3+G19*$G$3+H19*$H$3+I19*$I$3+J19*$J$3+K19*$K$3+L19*$L$3+M19*$M$3+N19*$N$3+O19*$O$3+P19*$P$3 -> 131142
A20: 洪森 | B20: 309 | C20: 5 | D20: 501 | E20: 479 | F20: 2 | G20: 91 | H20: 0 | I20: 0 | J20: 13 | K20: 33 | L20: 11 | M20: 0 | R20: 8 | S20: 2 | U20: =SUM(C20:P20)-D20 -> 634 | V20: =SUM(B20:P20)-D20 -> 943 | W20: =B20+C20+E20+F20+G20*2+H20*3+I20*3+J20+K20*6+L20*5+M20+N20*5+O20*5+P20+Q20 -> 1243 | X20: =C20*$C$3+D20*$D$3+E20*$E$3+F20*$F$3+G20*$G$3+H20*$H$3+I20*$I$3+J20*$J$3+K20*$K$3+L20*$L$3+M20*$M$3+N20*$N$3+O20*$O$3+P20*$P$3 -> 80404.5 | Y20: =B20*99+C20*$C$3+D20*$D$3+E20*$E$3+F20*$F$3+G20*$G$3+H20*$H$3+I20*$I$3+J20*$J$3+K20*$K$3+L20*$L$3+M20*$M$3+N20*$N$3+O20*$O$3+P20*$P$3 -> 110995.5
A21: 马延梁 | B21: 597 | C21: 7 | D21: 879 | E21: 858 | F21: 2 | G21: 94 | H21: 0 | I21: 0 | J21: 28 | K21: 19 | L21: 8 | M21: 0 | R21: 8 | S21: 3 | U21: =SUM(C21:P21)-D21 -> 1016 | V21: =SUM(B21:P21)-D21 -> 1613 | W21: =B21+C21+E21+F21+G21*2+H21*3+I21*3+J21+K21*6+L21*5+M21+N21*5+O21*5+P21+Q21 -> 1834 | X21: =C21*$C$3+D21*$D$3+E21*$E$3+F21*$F$3+G21*$G$3+H21*$H$3+I21*$I$3+J21*$J$3+K21*$K$3+L21*$L$3+M21*$M$3+N21*$N$3+O21*$O$3+P21*$P$3 -> 119938.5 | Y21: =B21*99+C21*$C$3+D21*$D$3+E21*$E$3+F21*$F$3+G21*$G$3+H21*$H$3+I21*$I$3+J21*$J$3+K21*$K$3+L21*$L$3+M21*$M$3+N21*$N$3+O21*$O$3+P21*$P$3 -> 179041.5
A22: 史嘉琳 | B22: 395 | C22: 142 | D22: 944 | E22: 807 | F22: 1 | G22: 232 | H22: 0 | I22: 0 | J22: 11 | K22: 0 | R22: 8 | U22: =SUM(C22:P22)-D22 -> 1193 | V22: =SUM(B22:P22)-D22 -> 1588 | W22: =B22+C22+E22+F22+G22*2+H22*3+I22*3+J22+K22*6+L22*5+M22+N22*5+O22*5+P22+Q22 -> 1820 | X22: =C22*$C$3+D22*$D$3+E22*$E$3+F22*$F$3+G22*$G$3+H22*$H$3+I22*$I$3+J22*$J$3+K22*$K$3+L22*$L$3+M22*$M$3+N22*$N$3+O22*$O$3+P22*$P$3 -> 165737 | Y22: =B22*99+C22*$C$3+D22*$D$3+E22*$E$3+F22*$F$3+G22*$G$3+H22*$H$3+I22*$I$3+J22*$J$3+K22*$K$3+L22*$L$3+M22*$M$3+N22*$N$3+O22*$O$3+P22*$P$3 -> 204842
A23: 孙承飞 | B23: 355 | C23: 4 | D23: 524 | E23: 575 | F23: 1 | G23: 54 | H23: 0 | I23: 0 | J23: 6 | K23: 27 | L23: 6 | R23: 6 | S23: 3 | U23: =SUM(C23:P23)-D23 -> 673 | V23: =SUM(B23:P23)-D23 -> 1028 | W23: =B23+C23+E23+F23+G23*2+H23*3+I23*3+J23+K23*6+L23*5+M23+N23*5+O23*5+P23+Q23 -> 1241 | X23: =C23*$C$3+D23*$D$3+E23*$E$3+F23*$F$3+G23*$G$3+H23*$H$3+I23*$I$3+J23*$J$3+K23*$K$3+L23*$L$3+M23*$M$3+N23*$N$3+O23*$O$3+P23*$P$3 -> 78738 | Y23: =B23*99+C23*$C$3+D23*$D$3+E23*$E$3+F23*$F$3+G23*$G$3+H23*$H$3+I23*$I$3+J23*$J$3+K23*$K$3+L23*$L$3+M23*$M$3+N23*$N$3+O23*$O$3+P23*$P$3 -> 113883
A24: 赵希平 | B24: 234 | C24: 4 | D24: 434 | E24: 440 | F24: 0 | G24: 56 | H24: 0 | I24: 0 | J24: 11 | K24: 17 | L24: 3 | M24: 0 | R24: 8 | S24: 3 | U24: =SUM(C24:P24)-D24 -> 531 | V24: =SUM(B24:P24)-D24 -> 765 | W24: =B24+C24+E24+F24+G24*2+H24*3+I24*3+J24+K24*6+L24*5+M24+N24*5+O24*5+P24+Q24 -> 918 | X24: =C24*$C$3+D24*$D$3+E24*$E$3+F24*$F$3+G24*$G$3+H24*$H$3+I24*$I$3+J24*$J$3+K24*$K$3+L24*$L$3+M24*$M$3+N24*$N$3+O24*$O$3+P24*$P$3 -> 64207 | Y24: =B24*99+C24*$C$3+D24*$D$3+E24*$E$3+F24*$F$3+G24*$G$3+H24*$H$3+I24*$I$3+J24*$J$3+K24*$K$3+L24*$L$3+M24*$M$3+N24*$N$3+O24*$O$3+P24*$P$3 -> 87373
A25: 李嘉鹏 | U25: =SUM(C25:P25)-D25 -> 0 | V25: =SUM(B25:P25)-D25 -> 0 | W25: =B25+C25+E25+F25+G25*2+H25*3+I25*3+J25+K25*6+L25*5+M25+N25*5+O25*5+P25+Q25 -> 0 | X25: =C25*$C$3+D25*$D$3+E25*$E$3+F25*$F$3+G25*$G$3+H25*$H$3+I25*$I$3+J25*$J$3+K25*$K$3+L25*$L$3+M25*$M$3+N25*$N$3+O25*$O$3+P25*$P$3 -> 0 | Y25: =B25*99+C25*$C$3+D25*$D$3+E25*$E$3+F25*$F$3+G25*$G$3+H25*$H$3+I25*$I$3+J25*$J$3+K25*$K$3+L25*$L$3+M25*$M$3+N25*$N$3+O25*$O$3+P25*$P$3 -> 0
A26: 姚静雯 | U26: =SUM(C26:P26)-D26 -> 0 | V26: =SUM(B26:P26)-D26 -> 0 | W26: =B26+C26+E26+F26+G26*2+H26*3+I26*3+J26+K26*6+L26*5+M26+N26*5+O26*5+P26+Q26 -> 0 | X26: =C26*$C$3+D26*$D$3+E26*$E$3+F26*$F$3+G26*$G$3+H26*$H$3+I26*$I$3+J26*$J$3+K26*$K$3+L26*$L$3+M26*$M$3+N26*$N$3+O26*$O$3+P26*$P$3 -> 0 | Y26: =B26*99+C26*$C$3+D26*$D$3+E26*$E$3+F26*$F$3+G26*$G$3+H26*$H$3+I26*$I$3+J26*$J$3+K26*$K$3+L26*$L$3+M26*$M$3+N26*$N$3+O26*$O$3+P26*$P$3 -> 0
A27: 李楠 | U27: =SUM(C27:P27)-D27 -> 0 | V27: =SUM(B27:P27)-D27 -> 0 | W27: =B27+C27+E27+F27+G27*2+H27*3+I27*3+J27+K27*6+L27*5+M27+N27*5+O27*5+P27+Q27 -> 0 | X27: =C27*$C$3+D27*$D$3+E27*$E$3+F27*$F$3+G27*$G$3+H27*$H$3+I27*$I$3+J27*$J$3+K27*$K$3+L27*$L$3+M27*$M$3+N27*$N$3+O27*$O$3+P27*$P$3 -> 0 | Y27: =B27*99+C27*$C$3+D27*$D$3+E27*$E$3+F27*$F$3+G27*$G$3+H27*$H$3+I27*$I$3+J27*$J$3+K27*$K$3+L27*$L$3+M27*$M$3+N27*$N$3+O27*$O$3+P27*$P$3 -> 0
A28: 韩天福 | U28: =SUM(C28:P28)-D28 -> 0 | V28: =SUM(B28:P28)-D28 -> 0 | W28: =B28+C28+E28+F28+G28*2+H28*3+I28*3+J28+K28*6+L28*5+M28+N28*5+O28*5+P28+Q28 -> 0 | X28: =C28*$C$3+D28*$D$3+E28*$E$3+F28*$F$3+G28*$G$3+H28*$H$3+I28*$I$3+J28*$J$3+K28*$K$3+L28*$L$3+M28*$M$3+N28*$N$3+O28*$O$3+P28*$P$3 -> 0 | Y28: =B28*99+C28*$C$3+D28*$D$3+E28*$E$3+F28*$F$3+G28*$G$3+H28*$H$3+I28*$I$3+J28*$J$3+K28*$K$3+L28*$L$3+M28*$M$3+N28*$N$3+O28*$O$3+P28*$P$3 -> 0
A29: 刘海燕 | B29: 80 | C29: 67 | D29: 765 | E29: 677 | F29: 0 | G29: 182 | H29: 0 | I29: 0 | J29: 8 | K29: 0 | L29: 0 | M29: 0 | N29: 0 | O29: 0 | P29: 3 | U29: =SUM(C29:P29)-D29 -> 937 | V29: =SUM(B29:P29)-D29 -> 1017 | W29: 0 | X29: =C29*$C$3+D29*$D$3+E29*$E$3+F29*$F$3+G29*$G$3+H29*$H$3+I29*$I$3+J29*$J$3+K29*$K$3+L29*$L$3+M29*$M$3+N29*$N$3+O29*$O$3+P29*$P$3 -> 128727.5 | Y29: =B29*99+C29*$C$3+D29*$D$3+E29*$E$3+F29*$F$3+G29*$G$3+H29*$H$3+I29*$I$3+J29*$J$3+K29*$K$3+L29*$L$3+M29*$M$3+N29*$N$3+O29*$O$3+P29*$P$3 -> 136647.5
U30: =SUM(B30:Q30) -> 0 | V30: =SUM(B30:P30)-D30 -> 0 | W30: =B30+C30+E30+F30+G30*2+H30*3+I30*3+J30+K30*6+L30*5+M30+N30*5+O30*5+P30+Q30 -> 0 | X30: =C30*$C$3+D30*$D$3+E30*$E$3+F30*$F$3+G30*$G$3+H30*$H$3+I30*$I$3+J30*$J$3+K30*$K$3+L30*$L$3+M30*$M$3+N30*$N$3+O30*$O$3+P30*$P$3 -> 0 | Y30: =B30*99+C30*$C$3+D30*$D$3+E30*$E$3+F30*$F$3+G30*$G$3+H30*$H$3+I30*$I$3+J30*$J$3+K30*$K$3+L30*$L$3+M30*$M$3+N30*$N$3+O30*$O$3+P30*$P$3 -> 0
A31: 工作量合计 | B31: =SUM(B4:B30) -> 6866 | C31: =SUM(C4:C30) -> 1136 | D31: =SUM(D4:D30) -> 12613 | E31: =SUM(E4:E30) -> 10807 | F31: =SUM(F4:F30) -> 14 | G31: =SUM(G4:G30) -> 2667 | H31: =SUM(H4:H30) -> 46 | I31: =SUM(I4:I30) -> 17 | ... U31: =SUM(U4:U30) -> 15249 | V31: =SUM(B31:P31)-D31 -> 22115 | W31: =SUM(W4:W30) -> 25464 | X31: =SUM(X4:X30) -> 2068444 | Y31: =B31*99+C31*$C$3+D31*$D$3+E31*$E$3+F31*$F$3+G31*$G$3+H31*$H$3+I31*$I$3+J31*$J$3+K31*$K$3+L31*$L$3+M31*$M$3+N31*$N$3+O31*$O$3+P31*$P$3 -> 2748178
A32: 收入合计 | B32: =B31*B3 -> 679734 | C32: =C31*C3 -> 149952 | D32: =D31*D3 -> 69371.5 | E32: =E31*E3 -> 1069893 | F32: =F31*F3 -> 770 | G32: =G31*G3 -> 704088 | H32: =H31*H3 -> 14260 | I32: =I31*I3 -> 4862 | ... P32: =P31*P3 -> 165 | U32: - | V32: - | W32: - | X32: =SUM(C32:P32) -> 2068444 | Y32: =SUM(B32:P32) -> 2748178

Sheet 4月
A1: 2022年4月超声工作量
A2: 姓名 | B2: 体检例数 | C2: 腔内超声检查 | D2: 图文报告 | E2: 超声检查正常(包括双胎) | F2: 双胎加收 | G2: 脏器灰阶立体成象*2 | H2: 超声检查(胎儿系统) *3 | I2: 胎儿心脏超声 *3 | J2: 残余尿测定 | K2: 床旁彩超 *6 | L2: 床旁彩超加收 *5 | M2: B超常规检 | N2: 脏器声学造影 *5 | O2: 临床操作超声引导*5 | P2: 弹性成像 | Q2: 误时工作量例数 | R2: 疑难病例会诊例数 | S2: 夜班例数 | T2: 扣罚金额 | U2: 门住工作量合计 | V2: 门住体工作量合计 | W2: 绩效工作量 | X2: 门住收入合计 | Y2: 门住体总收入合计
B3: 99 | C3: 132 | D3: 5.5 | E3: 99 | F3: 55 | G3: 264 | H3: 310 | I3: 286 | J3: 55 | K3: 132 | L3: 33 | M3: 27.5 | N3: 143 | O3: 143 | P3: 55 | R3: 20 | S3: 50 | T3: 50-500
A4: 信吉伟 | B4: 23 | C4: 54 | D4: 556 | E4: 432 | G4: 165 | H4: 41 | I4: 13 | J4: 4 | N4: 6 | O4: 39 | Q4: 270 | R4: 111 | U4: =SUM(C4:P4)-D4 -> 754 | V4: =SUM(B4:P4)-D4 -> 777 | W4: =B4+C4+E4+F4+G4*2+H4*3+I4*3+J4+K4*6+L4*5+M4+N4*5+O4*5+P4+Q4 -> 1500 | X4: =C4*$C$3+D4*$D$3+E4*$E$3+F4*$F$3+G4*$G$3+H4*$H$3+I4*$I$3+J4*$J$3+K4*$K$3+L4*$L$3+M4*$M$3+N4*$N$3+O4*$O$3+P4*$P$3 -> 119597 | Y4: =B4*99+C4*$C$3+D4*$D$3+E4*$E$3+F4*$F$3+G4*$G$3+H4*$H$3+I4*$I$3+J4*$J$3+K4*$K$3+L4*$L$3+M4*$M$3+N4*$N$3+O4*$O$3+P4*$P$3 -> 121874
A5: 刘思阳 | B5: 144 | D5: 510 | E5: 512 | G5: 98 | J5: 30 | K5: 1 | R5: 10 | U5: =SUM(C5:P5)-D5 -> 641 | V5: =SUM(B5:P5)-D5 -> 785 | W5: =B5+C5+E5+F5+G5*2+H5*3+I5*3+J5+K5*6+L5*5+M5+N5*5+O5*5+P5+Q5 -> 888 | X5: =C5*$C$3+D5*$D$3+E5*$E$3+F5*$F$3+G5*$G$3+H5*$H$3+I5*$I$3+J5*$J$3+K5*$K$3+L5*$L$3+M5*$M$3+N5*$N$3+O5*$O$3+P5*$P$3 -> 81147 | Y5: =B5*99+C5*$C$3+D5*$D$3+E5*$E$3+F5*$F$3+G5*$G$3+H5*$H$3+I5*$I$3+J5*$J$3+K5*$K$3+L5*$L$3+M5*$M$3+N5*$N$3+O5*$O$3+P5*$P$3 -> 95403
A6: 邢卫军 | B6: 255 | C6: 104 | D6: 501 | E6: 339 | G6: 124 | J6: 2 | R6: 10 | U6: =SUM(C6:P6)-D6 -> 569 | V6: =SUM(B6:P6)-D6 -> 824 | W6: =B6+C6+E6+F6+G6*2+H6*3+I6*3+J6+K6*6+L6*5+M6+N6*5+O6*5+P6+Q6 -> 948 | X6: =C6*$C$3+D6*$D$3+E6*$E$3+F6*$F$3+G6*$G$3+H6*$H$3+I6*$I$3+J6*$J$3+K6*$K$3+L6*$L$3+M6*$M$3+N6*$N$3+O6*$O$3+P6*$P$3 -> 82890.5 | Y6: =B6*99+C6*$C$3+D6*$D$3+E6*$E$3+F6*$F$3+G6*$G$3+H6*$H$3+I6*$I$3+J6*$J$3+K6*$K$3+L6*$L$3+M6*$M$3+N6*$N$3+O6*$O$3+P6*$P$3 -> 108135.5
A7: 姜纯莲 | B7: 423 | C7: 116 | D7: 693 | E7: 524 | G7: 167 | J7: 7 | R7: 4 | U7: =SUM(C7:P7)-D7 -> 814 | V7: =SUM(B7:P7)-D7 -> 1237 | W7: =B7+C7+E7+F7+G7*2+H7*3+I7*3+J7+K7*6+L7*5+M7+N7*5+O7*5+P7+Q7 -> 1404 | X7: =C7*$C$3+D7*$D$3+E7*$E$3+F7*$F$3+G7*$G$3+H7*$H$3+I7*$I$3+J7*$J$3+K7*$K$3+L7*$L$3+M7*$M$3+N7*$N$3+O7*$O$3+P7*$P$3 -> 115472.5 | Y7: =B7*99+C7*$C$3+D7*$D$3+E7*$E$3+F7*$F$3+G7*$G$3+H7*$H$3+I7*$I$3+J7*$J$3+K7*$K$3+L7*$L$3+M7*$M$3+N7*$N$3+O7*$O$3+P7*$P$3 -> 157349.5
A8: 王漠璇 | B8: 335 | C8: 141 | D8: 626 | E8: 345 | F8: 1 | G8: 197 | J8: 4 | R8: 8 | U8: =SUM(C8:P8)-D8 -> 688 | V8: =SUM(B8:P8)-D8 -> 1023 | W8: =B8+C8+E8+F8+G8*2+H8*3+I8*3+J8+K8*6+L8*5+M8+N8*5+O8*5+P8+Q8 -> 1220 | X8: =C8*$C$3+D8*$D$3+E8*$E$3+F8*$F$3+G8*$G$3+H8*$H$3+I8*$I$3+J8*$J$3+K8*$K$3+L8*$L$3+M8*$M$3+N8*$N$3+O8*$O$3+P8*$P$3 -> 108493 | Y8: =B8*99+C8*$C$3+D8*$D$3+E8*$E$3+F8*$F$3+G8*$G$3+H8*$H$3+I8*$I$3+J8*$J$3+K8*$K$3+L8*$L$3+M8*$M$3+N8*$N$3+O8*$O$3+P8*$P$3 -> 141658
A9: 汪亚新 | B9: 31 | D9: 362 | E9: 333 | G9: 57 | J9: 8 | R9: 8 | U9: =SUM(C9:P9)-D9 -> 398 | V9: =SUM(B9:P9)-D9 -> 429 | W9: =B9+C9+E9+F9+G9*2+H9*3+I9*3+J9+K9*6+L9*5+M9+N9*5+O9*5+P9+Q9 -> 486 | X9: =C9*$C$3+D9*$D$3+E9*$E$3+F9*$F$3+G9*$G$3+H9*$H$3+I9*$I$3+J9*$J$3+K9*$K$3+L9*$L$3+M9*$M$3+N9*$N$3+O9*$O$3+P9*$P$3 -> 50446 | Y9: =B9*99+C9*$C$3+D9*$D$3+E9*$E$3+F9*$F$3+G9*$G$3+H9*$H$3+I9*$I$3+J9*$J$3+K9*$K$3+L9*$L$3+M9*$M$3+N9*$N$3+O9*$O$3+P9*$P$3 -> 53515
A10: 李双生 | B10: 144 | D10: 498 | E10: 532 | G10: 92 | J10: 22 | K10: 17 | R10: 2 | S10: 3 | U10: =SUM(C10:P10)-D10 -> 663 | V10: =SUM(B10:P10)-D10 -> 807 | W10: =B10+C10+E10+F10+G10*2+H10*3+I10*3+J10+K10*6+L10*5+M10+N10*5+O10*5+P10+Q10 -> 984 | X10: =C10*$C$3+D10*$D$3+E10*$E$3+F10*$F$3+G10*$G$3+H10*$H$3+I10*$I$3+J10*$J$3+K10*$K$3+L10*$L$3+M10*$M$3+N10*$N$3+O10*$O$3+P10*$P$3 -> 83149 | Y10: =B10*99+C10*$C$3+D10*$D$3+E10*$E$3+F10*$F$3+G10*$G$3+H10*$H$3+I10*$I$3+J10*$J$3+K10*$K$3+L10*$L$3+M10*$M$3+N10*$N$3+O10*$O$3+P10*$P$3 -> 97405
A11: 董宝玲 | B11: 185 | C11: 70 | D11: 509 | E11: 392 | G11: 102 | J11: 7 | K11: 18 | L11: 7 | S11: 4 | U11: =SUM(C11:P11)-D11 -> 596 | V11: =SUM(B11:P11)-D11 -> 781 | W11: =B11+C11+E11+F11+G11*2+H11*3+I11*3+J11+K11*6+L11*5+M11+N11*5+O11*5+P11+Q11 -> 1001 | X11: =C11*$C$3+D11*$D$3+E11*$E$3+F11*$F$3+G11*$G$3+H11*$H$3+I11*$I$3+J11*$J$3+K11*$K$3+L11*$L$3+M11*$M$3+N11*$N$3+O11*$O$3+P11*$P$3 -> 80767.5 | Y11: =B11*99+C11*$C$3+D11*$D$3+E11*$E$3+F11*$F$3+G11*$G$3+H11*$H$3+I11*$I$3+J11*$J$3+K11*$K$3+L11*$L$3+M11*$M$3+N11*$N$3+O11*$O$3+P11*$P$3 -> 99082.5
A12: 周晓丽 | B12: 227 | C12: 42 | D12: 320 | E12: 245 | G12: 81 | H12: 1 | I12: 1 | J12: 2 | K12: 16 | R12: 9 | S12: 2 | U12: =SUM(C12:P12)-D12 -> 388 | V12: =SUM(B12:P12)-D12 -> 615 | W12: =B12+C12+E12+F12+G12*2+H12*3+I12*3+J12+K12*6+L12*5+M12+N12*5+O12*5+P12+Q12 -> 780 | X12: =C12*$C$3+D12*$D$3+E12*$E$3+F12*$F$3+G12*$G$3+H12*$H$3+I12*$I$3+J12*$J$3+K12*$K$3+L12*$L$3+M12*$M$3+N12*$N$3+O12*$O$3+P12*$P$3 -> 55761 | Y12: =B12*99+C12*$C$3+D12*$D$3+E12*$E$3+F12*$F$3+G12*$G$3+H12*$H$3+I12*$I$3+J12*$J$3+K12*$K$3+L12*$L$3+M12*$M$3+N12*$N$3+O12*$O$3+P12*$P$3 -> 78234
A13: 刘炜 | B13: 130 | C13: 76 | D13: 531 | E13: 363 | F13: 1 | G13: 157 | H13: 6 | I13: 13 | J13: 4 | N13: 2 | R13: 7 | U13: =SUM(C13:P13)-D13 -> 622 | V13: =SUM(B13:P13)-D13 -> 752 | W13: =B13+C13+E13+F13+G13*2+H13*3+I13*3+J13+K13*6+L13*5+M13+N13*5+O13*5+P13+Q13 -> 955 | X13: =C13*$C$3+D13*$D$3+E13*$E$3+F13*$F$3+G13*$G$3+H13*$H$3+I13*$I$3+J13*$J$3+K13*$K$3+L13*$L$3+M13*$M$3+N13*$N$3+O13*$O$3+P13*$P$3 -> 96476.5 | Y13: =B13*99+C13*$C$3+D13*$D$3+E13*$E$3+F13*$F$3+G13*$G$3+H13*$H$3+I13*$I$3+J13*$J$3+K13*$K$3+L13*$L$3+M13*$M$3+N13*$N$3+O13*$O$3+P13*$P$3 -> 109346.5
A14: 刘涛 | U14: =SUM(C14:P14)-D14 -> 0 | V14: =SUM(B14:P14)-D14 -> 0 | W14: =B14+C14+E14+F14+G14*2+H14*3+I14*3+J14+K14*6+L14*5+M14+N14*5+O14*5+P14+Q14 -> 0 | X14: =C14*$C$3+D14*$D$3+E14*$E$3+F14*$F$3+G14*$G$3+H14*$H$3+I14*$I$3+J14*$J$3+K14*$K$3+L14*$L$3+M14*$M$3+N14*$N$3+O14*$O$3+P14*$P$3 -> 0 | Y14: =B14*99+C14*$C$3+D14*$D$3+E14*$E$3+F14*$F$3+G14*$G$3+H14*$H$3+I14*$I$3+J14*$J$3+K14*$K$3+L14*$L$3+M14*$M$3+N14*$N$3+O14*$O$3+P14*$P$3 -> 0
A15: 朱凯 | B15: 190 | C15: 15 | D15: 449 | E15: 424 | G15: 85 | J15: 11 | K15: 20 | L15: 3 | O15: 7 | Q15: 135 | R15: 48 | S15: 3 | U15: =SUM(C15:P15)-D15 -> 565 | V15: =SUM(B15:P15)-D15 -> 755 | W15: =B15+C15+E15+F15+G15*2+H15*3+I15*3+J15+K15*6+L15*5+M15+N15*5+O15*5+P15+Q15 -> 1115 | X15: =C15*$C$3+D15*$D$3+E15*$E$3+F15*$F$3+G15*$G$3+H15*$H$3+I15*$I$3+J15*$J$3+K15*$K$3+L15*$L$3+M15*$M$3+N15*$N$3+O15*$O$3+P15*$P$3 -> 73210.5 | Y15: =B15*99+C15*$C$3+D15*$D$3+E15*$E$3+F15*$F$3+G15*$G$3+H15*$H$3+I15*$I$3+J15*$J$3+K15*$K$3+L15*$L$3+M15*$M$3+N15*$N$3+O15*$O$3+P15*$P$3 -> 92020.5
A16: 李晓莹 | B16: 291 | C16: 80 | D16: 617 | E16: 550 | F16: 2 | G16: 147 | J16: 2 | K16: 13 | L16: 5 | R16: 8 | S16: 2 | U16: =SUM(C16:P16)-D16 -> 799 | V16: =SUM(B16:P16)-D16 -> 1090 | W16: =B16+C16+E16+F16+G16*2+H16*3+I16*3+J16+K16*6+L16*5+M16+N16*5+O16*5+P16+Q16 -> 1322 | X16: =C16*$C$3+D16*$D$3+E16*$E$3+F16*$F$3+G16*$G$3+H16*$H$3+I16*$I$3+J16*$J$3+K16*$K$3+L16*$L$3+M16*$M$3+N16*$N$3+O16*$O$3+P16*$P$3 -> 109312.5 | Y16: =B16*99+C16*$C$3+D16*$D$3+E16*$E$3+F16*$F$3+G16*$G$3+H16*$H$3+I16*$I$3+J16*$J$3+K16*$K$3+L16*$L$3+M16*$M$3+N16*$N$3+O16*$O$3+P16*$P$3 -> 138121.5
A17: 孟凡伟 | B17: 324 | C17: 3 | D17: 504 | E17: 511 | G17: 64 | J17: 20 | K17: 20 | R17: 8 | S17: 3 | U17: =SUM(C17:P17)-D17 -> 618 | V17: =SUM(B17:P17)-D17 -> 942 | W17: =B17+C17+E17+F17+G17*2+H17*3+I17*3+J17+K17*6+L17*5+M17+N17*5+O17*5+P17+Q17 -> 1106 | X17: =C17*$C$3+D17*$D$3+E17*$E$3+F17*$F$3+G17*$G$3+H17*$H$3+I17*$I$3+J17*$J$3+K17*$K$3+L17*$L$3+M17*$M$3+N17*$N$3+O17*$O$3+P17*$P$3 -> 74393 | Y17: =B17*99+C17*$C$3+D17*$D$3+E17*$E$3+F17*$F$3+G17*$G$3+H17*$H$3+I17*$I$3+J17*$J$3+K17*$K$3+L17*$L$3+M17*$M$3+N17*$N$3+O17*$O$3+P17*$P$3 -> 106469
A18: 王桐 | B18: 277 | C18: 44 | D18: 298 | E18: 244 | G18: 63 | K18: 10 | R18: 4 | S18: 3 | U18: =SUM(C18:P18)-D18 -> 361 | V18: =SUM(B18:P18)-D18 -> 638 | W18: =B18+C18+E18+F18+G18*2+H18*3+I18*3+J18+K18*6+L18*5+M18+N18*5+O18*5+P18+Q18 -> 751 | X18: =C18*$C$3+D18*$D$3+E18*$E$3+F18*$F$3+G18*$G$3+H18*$H$3+I18*$I$3+J18*$J$3+K18*$K$3+L18*$L$3+M18*$M$3+N18*$N$3+O18*$O$3+P18*$P$3 -> 49555 | Y18: =B18*99+C18*$C$3+D18*$D$3+E18*$E$3+F18*$F$3+G18*$G$3+H18*$H$3+I18*$I$3+J18*$J$3+K18*$K$3+L18*$L$3+M18*$M$3+N18*$N$3+O18*$O$3+P18*$P$3 -> 76978
A19: 程日 | B19: 433 | C19: 5 | D19: 534 | E19: 588 | G19: 43 | J19: 15 | K19: 19 | R19: 4 | S19: 1 | U19: =SUM(C19:P19)-D19 -> 670 | V19: =SUM(B19:P19)-D19 -> 1103 | W19: =B19+C19+E19+F19+G19*2+H19*3+I19*3+J19+K19*6+L19*5+M19+N19*5+O19*5+P19+Q19 -> 1241 | X19: =C19*$C$3+D19*$D$3+E19*$E$3+F19*$F$3+G19*$G$3+H19*$H$3+I19*$I$3+J19*$J$3+K19*$K$3+L19*$L$3+M19*$M$3+N19*$N$3+O19*$O$3+P19*$P$3 -> 76494 | Y19: =B19*99+C19*$C$3+D19*$D$3+E19*$E$3+F19*$F$3+G19*$G$3+H19*$H$3+I19*$I$3+J19*$J$3+K19*$K$3+L19*$L$3+M19*$M$3+N19*$N$3+O19*$O$3+P19*$P$3 -> 119361
A20: 洪森 | B20: 212 | C20: 4 | D20: 408 | E20: 430 | G20: 33 | J20: 10 | K20: 26 | L20: 3 | R20: 8 | S20: 3 | U20: =SUM(C20:P20)-D20 -> 506 | V20: =SUM(B20:P20)-D20 -> 718 | W20: =B20+C20+E20+F20+G20*2+H20*3+I20*3+J20+K20*6+L20*5+M20+N20*5+O20*5+P20+Q20 -> 893 | X20: =C20*$C$3+D20*$D$3+E20*$E$3+F20*$F$3+G20*$G$3+H20*$H$3+I20*$I$3+J20*$J$3+K20*$K$3+L20*$L$3+M20*$M$3+N20*$N$3+O20*$O$3+P20*$P$3 -> 58135 | Y20: =B20*99+C20*$C$3+D20*$D$3+E20*$E$3+F20*$F$3+G20*$G$3+H20*$H$3+I20*$I$3+J20*$J$3+K20*$K$3+L20*$L$3+M20*$M$3+N20*$N$3+O20*$O$3+P20*$P$3 -> 79123
A21: 马延梁 | B21: 370 | C21: 14 | D21: 825 | E21: 858 | G21: 100 | J21: 20 | K21: 18 | L21: 2 | R21: 8 | S21: 2 | U21: =SUM(C21:P21)-D21 -> 1012 | V21: =SUM(B21:P21)-D21 -> 1382 | W21: =B21+C21+E21+F21+G21*2+H21*3+I21*3+J21+K21*6+L21*5+M21+N21*5+O21*5+P21+Q21 -> 1580 | X21: =C21*$C$3+D21*$D$3+E21*$E$3+F21*$F$3+G21*$G$3+H21*$H$3+I21*$I$3+J21*$J$3+K21*$K$3+L21*$L$3+M21*$M$3+N21*$N$3+O21*$O$3+P21*$P$3 -> 121269.5 | Y21: =B21*99+C21*$C$3+D21*$D$3+E21*$E$3+F21*$F$3+G21*$G$3+H21*$H$3+I21*$I$3+J21*$J$3+K21*$K$3+L21*$L$3+M21*$M$3+N21*$N$3+O21*$O$3+P21*$P$3 -> 157899.5
A22: 史嘉琳 | B22: 167 | C22: 204 | D22: 965 | E22: 626 | G22: 264 | J22: 4 | R22: 10 | U22: =SUM(C22:P22)-D22 -> 1098 | V22: =SUM(B22:P22)-D22 -> 1265 | W22: =B22+C22+E22+F22+G22*2+H22*3+I22*3+J22+K22*6+L22*5+M22+N22*5+O22*5+P22+Q22 -> 1529 | X22: =C22*$C$3+D22*$D$3+E22*$E$3+F22*$F$3+G22*$G$3+H22*$H$3+I22*$I$3+J22*$J$3+K22*$K$3+L22*$L$3+M22*$M$3+N22*$N$3+O22*$O$3+P22*$P$3 -> 164125.5 | Y22: =B22*99+C22*$C$3+D22*$D$3+E22*$E$3+F22*$F$3+G22*$G$3+H22*$H$3+I22*$I$3+J22*$J$3+K22*$K$3+L22*$L$3+M22*$M$3+N22*$N$3+O22*$O$3+P22*$P$3 -> 180658.5
A23: 孙承飞 | B23: 252 | C23: 1 | D23: 472 | E23: 514 | F23: 2 | G23: 29 | J23: 15 | K23: 15 | L23: 2 | R23: 6 | S23: 2 | U23: =SUM(C23:P23)-D23 -> 578 | V23: =SUM(B23:P23)-D23 -> 830 | W23: =B23+C23+E23+F23+G23*2+H23*3+I23*3+J23+K23*6+L23*5+M23+N23*5+O23*5+P23+Q23 -> 942 | X23: =C23*$C$3+D23*$D$3+E23*$E$3+F23*$F$3+G23*$G$3+H23*$H$3+I23*$I$3+J23*$J$3+K23*$K$3+L23*$L$3+M23*$M$3+N23*$N$3+O23*$O$3+P23*$P$3 -> 64251 | Y23: =B23*99+C23*$C$3+D23*$D$3+E23*$E$3+F23*$F$3+G23*$G$3+H23*$H$3+I23*$I$3+J23*$J$3+K23*$K$3+L23*$L$3+M23*$M$3+N23*$N$3+O23*$O$3+P23*$P$3 -> 89199
A24: 赵希平 | B24: 261 | C24: 4 | D24: 421 | E24: 428 | G24: 48 | J24: 14 | K24: 24 | L24: 3 | R24: 6 | S24: 2 | U24: =SUM(C24:P24)-D24 -> 521 | V24: =SUM(B24:P24)-D24 -> 782 | W24: =B24+C24+E24+F24+G24*2+H24*3+I24*3+J24+K24*6+L24*5+M24+N24*5+O24*5+P24+Q24 -> 962 | X24: =C24*$C$3+D24*$D$3+E24*$E$3+F24*$F$3+G24*$G$3+H24*$H$3+I24*$I$3+J24*$J$3+K24*$K$3+L24*$L$3+M24*$M$3+N24*$N$3+O24*$O$3+P24*$P$3 -> 61924.5 | Y24: =B24*99+C24*$C$3+D24*$D$3+E24*$E$3+F24*$F$3+G24*$G$3+H24*$H$3+I24*$I$3+J24*$J$3+K24*$K$3+L24*$L$3+M24*$M$3+N24*$N$3+O24*$O$3+P24*$P$3 -> 87763.5
U25: =SUM(C25:P25)-D25 -> 0 | V25: =SUM(B25:P25)-D25 -> 0 | W25: =B25+C25+E25+F25+G25*2+H25*3+I25*3+J25+K25*6+L25*5+M25+N25*5+O25*5+P25+Q25 -> 0 | X25: =C25*$C$3+D25*$D$3+E25*$E$3+F25*$F$3+G25*$G$3+H25*$H$3+I25*$I$3+J25*$J$3+K25*$K$3+L25*$L$3+M25*$M$3+N25*$N$3+O25*$O$3+P25*$P$3 -> 0 | Y25: =B25*99+C25*$C$3+D25*$D$3+E25*$E$3+F25*$F$3+G25*$G$3+H25*$H$3+I25*$I$3+J25*$J$3+K25*$K$3+L25*$L$3+M25*$M$3+N25*$N$3+O25*$O$3+P25*$P$3 -> 0
U26: =SUM(C26:P26)-D26 -> 0 | V26: =SUM(B26:P26)-D26 -> 0 | W26: =B26+C26+E26+F26+G26*2+H26*3+I26*3+J26+K26*6+L26*5+M26+N26*5+O26*5+P26+Q26 -> 0 | X26: =C26*$C$3+D26*$D$3+E26*$E$3+F26*$F$3+G26*$G$3+H26*$H$3+I26*$I$3+J26*$J$3+K26*$K$3+L26*$L$3+M26*$M$3+N26*$N$3+O26*$O$3+P26*$P$3 -> 0 | Y26: =B26*99+C26*$C$3+D26*$D$3+E26*$E$3+F26*$F$3+G26*$G$3+H26*$H$3+I26*$I$3+J26*$J$3+K26*$K$3+L26*$L$3+M26*$M$3+N26*$N$3+O26*$O$3+P26*$P$3 -> 0
A27: 李楠 | U27: =SUM(C27:P27)-D27 -> 0 | V27: =SUM(B27:P27)-D27 -> 0 | W27: =B27+C27+E27+F27+G27*2+H27*3+I27*3+J27+K27*6+L27*5+M27+N27*5+O27*5+P27+Q27 -> 0 | X27: =C27*$C$3+D27*$D$3+E27*$E$3+F27*$F$3+G27*$G$3+H27*$H$3+I27*$I$3+J27*$J$3+K27*$K$3+L27*$L$3+M27*$M$3+N27*$N$3+O27*$O$3+P27*$P$3 -> 0 | Y27: =B27*99+C27*$C$3+D27*$D$3+E27*$E$3+F27*$F$3+G27*$G$3+H27*$H$3+I27*$I$3+J27*$J$3+K27*$K$3+L27*$L$3+M27*$M$3+N27*$N$3+O27*$O$3+P27*$P$3 -> 0
A28: 韩天福 | U28: =SUM(C28:P28)-D28 -> 0 | V28: =SUM(B28:P28)-D28 -> 0 | W28: =B28+C28+E28+F28+G28*2+H28*3+I28*3+J28+K28*6+L28*5+M28+N28*5+O28*5+P28+Q28 -> 0 | X28: =C28*$C$3+D28*$D$3+E28*$E$3+F28*$F$3+G28*$G$3+H28*$H$3+I28*$I$3+J28*$J$3+K28*$K$3+L28*$L$3+M28*$M$3+N28*$N$3+O28*$O$3+P28*$P$3 -> 0 | Y28: =B28*99+C28*$C$3+D28*$D$3+E28*$E$3+F28*$F$3+G28*$G$3+H28*$H$3+I28*$I$3+J28*$J$3+K28*$K$3+L28*$L$3+M28*$M$3+N28*$N$3+O28*$O$3+P28*$P$3 -> 0
A29: 刘海燕 | B29: 81 | C29: 72 | D29: 703 | E29: 603 | F29: 7 | G29: 192 | U29: =SUM(C29:P29)-D29 -> 874 | V29: =SUM(B29:P29)-D29 -> 955 | W29: 0 | X29: =C29*$C$3+D29*$D$3+E29*$E$3+F29*$F$3+G29*$G$3+H29*$H$3+I29*$I$3+J29*$J$3+K29*$K$3+L29*$L$3+M29*$M$3+N29*$N$3+O29*$O$3+P29*$P$3 -> 124140.5 | Y29: =B29*99+C29*$C$3+D29*$D$3+E29*$E$3+F29*$F$3+G29*$G$3+H29*$H$3+I29*$I$3+J29*$J$3+K29*$K$3+L29*$L$3+M29*$M$3+N29*$N$3+O29*$O$3+P29*$P$3 -> 132159.5
U30: =SUM(B30:Q30) -> 0 | V30: =SUM(B30:P30)-D30 -> 0 | W30: =B30+C30+E30+F30+G30*2+H30*3+I30*3+J30+K30*6+L30*5+M30+N30*5+O30*5+P30+Q30 -> 0 | X30: =C30*$C$3+D30*$D$3+E30*$E$3+F30*$F$3+G30*$G$3+H30*$H$3+I30*$I$3+J30*$J$3+K30*$K$3+L30*$L$3+M30*$M$3+N30*$N$3+O30*$O$3+P30*$P$3 -> 0 | Y30: =B30*99+C30*$C$3+D30*$D$3+E30*$E$3+F30*$F$3+G30*$G$3+H30*$H$3+I30*$I$3+J30*$J$3+K30*$K$3+L30*$L$3+M30*$M$3+N30*$N$3+O30*$O$3+P30*$P$3 -> 0
A31: 工作量合计 | B31: =SUM(B4:B30) -> 4755 | C31: =SUM(C4:C30) -> 1049 | D31: =SUM(D4:D30) -> 11302 | E31: =SUM(E4:E30) -> 9793 | F31: =SUM(F4:F30) -> 13 | G31: =SUM(G4:G30) -> 2308 | H31: =SUM(H4:H30) -> 48 | I31: =SUM(I4:I30) -> 27 | ... U31: =SUM(U4:U30) -> 13735 | V31: =SUM(B31:P31)-D31 -> 18490 | W31: =SUM(W4:W30) -> 21607 | X31: =SUM(X4:X30) -> 1851011 | Y31: =B31*99+C31*$C$3+D31*$D$3+E31*$E$3+F31*$F$3+G31*$G$3+H31*$H$3+I31*$I$3+J31*$J$3+K31*$K$3+L31*$L$3+M31*$M$3+N31*$N$3+O31*$O$3+P31*$P$3 -> 2321756
A32: 收入合计 | B32: =B31*B3 -> 470745 | C32: =C31*C3 -> 138468 | D32: =D31*D3 -> 62161 | E32: =E31*E3 -> 969507 | F32: =F31*F3 -> 715 | G32: =G31*G3 -> 609312 | H32: =H31*H3 -> 14880 | I32: =I31*I3 -> 7722 | ... P32: =P31*P3 -> 0 | U32: - | V32: - | W32: - | X32: =SUM(C32:P32) -> 1851011 | Y32: =SUM(B32:P32) -> 2321756

Sheet 5月
A1: 2022年5月超声工作量
A2: 姓名 | B2: 体检例数 | C2: 腔内超声检查 | D2: 图文报告 | E2: 超声检查正常(包括双胎) | F2: 双胎加收 | G2: 脏器灰阶立体成象*2 | H2: 超声检查(胎儿系统) *3 | I2: 胎儿心脏超声 *3 | J2: 残余尿测定 | K2: 床旁彩超 *6 | L2: 床旁彩超加收 *5 | M2: B超常规检 | N2: 脏器声学造影 *5 | O2: 临床操作超声引导*5 | P2: 弹性成像 | Q2: 误时工作量例数 | R2: 疑难病例会诊例数 | S2: 夜班例数 | T2: 扣罚金额 | U2: 门住工作量合计 | V2: 门住体工作量合计 | W2: 绩效工作量 | X2: 门住收入合计 | Y2: 门住体总收入合计
B3: 99 | C3: 132 | D3: 5.5 | E3: 99 | F3: 55 | G3: 264 | H3: 310 | I3: 286 | J3: 55 | K3: 132 | L3: 33 | M3: 27.5 | N3: 143 | O3: 143 | P3: 55 | R3: 20 | S3: 50 | T3: 50-500
A4: 信吉伟 | B4: 121 | C4: 67 | D4: 609 | E4: 466 | F4: 1 | G4: 184 | H4: 15 | I4: 9 | J4: 2 | N4: 8 | O4: 1 | Q4: 270 | R4: 92 | U4: =SUM(C4:P4)-D4 -> 753 | V4: =SUM(B4:P4)-D4 -> 874 | W4: =B4+C4+E4+F4+G4*2+H4*3+I4*3+J4+K4*6+L4*5+M4+N4*5+O4*5+P4+Q4 -> 1412 | X4: =C4*$C$3+D4*$D$3+E4*$E$3+F4*$F$3+G4*$G$3+H4*$H$3+I4*$I$3+J4*$J$3+K4*$K$3+L4*$L$3+M4*$M$3+N4*$N$3+O4*$O$3+P4*$P$3 -> 115579.5 | Y4: =B4*99+C4*$C$3+D4*$D$3+E4*$E$3+F4*$F$3+G4*$G$3+H4*$H$3+I4*$I$3+J4*$J$3+K4*$K$3+L4*$L$3+M4*$M$3+N4*$N$3+O4*$O$3+P4*$P$3 -> 127558.5
A5: 刘思阳 | B5: 335 | D5: 611 | E5: 670 | G5: 67 | J5: 23 | U5: =SUM(C5:P5)-D5 -> 760 | V5: =SUM(B5:P5)-D5 -> 1095 | W5: =B5+C5+E5+F5+G5*2+H5*3+I5*3+J5+K5*6+L5*5+M5+N5*5+O5*5+P5+Q5 -> 1162 | X5: =C5*$C$3+D5*$D$3+E5*$E$3+F5*$F$3+G5*$G$3+H5*$H$3+I5*$I$3+J5*$J$3+K5*$K$3+L5*$L$3+M5*$M$3+N5*$N$3+O5*$O$3+P5*$P$3 -> 88643.5 | Y5: =B5*99+C5*$C$3+D5*$D$3+E5*$E$3+F5*$F$3+G5*$G$3+H5*$H$3+I5*$I$3+J5*$J$3+K5*$K$3+L5*$L$3+M5*$M$3+N5*$N$3+O5*$O$3+P5*$P$3 -> 121808.5
A6: 邢卫军 | B6: 330 | C6: 135 | D6: 656 | E6: 410 | G6: 191 | J6: 6 | U6: =SUM(C6:P6)-D6 -> 742 | V6: =SUM(B6:P6)-D6 -> 1072 | W6: =B6+C6+E6+F6+G6*2+H6*3+I6*3+J6+K6*6+L6*5+M6+N6*5+O6*5+P6+Q6 -> 1263 | X6: =C6*$C$3+D6*$D$3+E6*$E$3+F6*$F$3+G6*$G$3+H6*$H$3+I6*$I$3+J6*$J$3+K6*$K$3+L6*$L$3+M6*$M$3+N6*$N$3+O6*$O$3+P6*$P$3 -> 112772 | Y6: =B6*99+C6*$C$3+D6*$D$3+E6*$E$3+F6*$F$3+G6*$G$3+H6*$H$3+I6*$I$3+J6*$J$3+K6*$K$3+L6*$L$3+M6*$M$3+N6*$N$3+O6*$O$3+P6*$P$3 -> 145442
A7: 姜纯莲 | B7: 615 | C7: 155 | D7: 778 | E7: 656 | G7: 167 | J7: 10 | U7: =SUM(C7:P7)-D7 -> 988 | V7: =SUM(B7:P7)-D7 -> 1603 | W7: =B7+C7+E7+F7+G7*2+H7*3+I7*3+J7+K7*6+L7*5+M7+N7*5+O7*5+P7+Q7 -> 1770 | X7: =C7*$C$3+D7*$D$3+E7*$E$3+F7*$F$3+G7*$G$3+H7*$H$3+I7*$I$3+J7*$J$3+K7*$K$3+L7*$L$3+M7*$M$3+N7*$N$3+O7*$O$3+P7*$P$3 -> 134321 | Y7: =B7*99+C7*$C$3+D7*$D$3+E7*$E$3+F7*$F$3+G7*$G$3+H7*$H$3+I7*$I$3+J7*$J$3+K7*$K$3+L7*$L$3+M7*$M$3+N7*$N$3+O7*$O$3+P7*$P$3 -> 195206
A8: 王漠璇 | B8: 325 | C8: 131 | D8: 866 | E8: 557 | G8: 264 | J8: 4 | U8: =SUM(C8:P8)-D8 -> 956 | V8: =SUM(B8:P8)-D8 -> 1281 | W8: =B8+C8+E8+F8+G8*2+H8*3+I8*3+J8+K8*6+L8*5+M8+N8*5+O8*5+P8+Q8 -> 1545 | X8: =C8*$C$3+D8*$D$3+E8*$E$3+F8*$F$3+G8*$G$3+H8*$H$3+I8*$I$3+J8*$J$3+K8*$K$3+L8*$L$3+M8*$M$3+N8*$N$3+O8*$O$3+P8*$P$3 -> 147114 | Y8: =B8*99+C8*$C$3+D8*$D$3+E8*$E$3+F8*$F$3+G8*$G$3+H8*$H$3+I8*$I$3+J8*$J$3+K8*$K$3+L8*$L$3+M8*$M$3+N8*$N$3+O8*$O$3+P8*$P$3 -> 179289
A9: 汪亚新 | B9: 124 | D9: 369 | E9: 349 | G9: 55 | J9: 11 | U9: =SUM(C9:P9)-D9 -> 415 | V9: =SUM(B9:P9)-D9 -> 539 | W9: =B9+C9+E9+F9+G9*2+H9*3+I9*3+J9+K9*6+L9*5+M9+N9*5+O9*5+P9+Q9 -> 594 | X9: =C9*$C$3+D9*$D$3+E9*$E$3+F9*$F$3+G9*$G$3+H9*$H$3+I9*$I$3+J9*$J$3+K9*$K$3+L9*$L$3+M9*$M$3+N9*$N$3+O9*$O$3+P9*$P$3 -> 51705.5 | Y9: =B9*99+C9*$C$3+D9*$D$3+E9*$E$3+F9*$F$3+G9*$G$3+H9*$H$3+I9*$I$3+J9*$J$3+K9*$K$3+L9*$L$3+M9*$M$3+N9*$N$3+O9*$O$3+P9*$P$3 -> 63981.5
A10: 李双生 | B10: 448 | C10: 2 | D10: 390 | E10: 410 | G10: 66 | J10: 20 | K10: 18 | S10: 2 | U10: =SUM(C10:P10)-D10 -> 516 | V10: =SUM(B10:P10)-D10 -> 964 | W10: =B10+C10+E10+F10+G10*2+H10*3+I10*3+J10+K10*6+L10*5+M10+N10*5+O10*5+P10+Q10 -> 1120 | X10: =C10*$C$3+D10*$D$3+E10*$E$3+F10*$F$3+G10*$G$3+H10*$H$3+I10*$I$3+J10*$J$3+K10*$K$3+L10*$L$3+M10*$M$3+N10*$N$3+O10*$O$3+P10*$P$3 -> 63899 | Y10: =B10*99+C10*$C$3+D10*$D$3+E10*$E$3+F10*$F$3+G10*$G$3+H10*$H$3+I10*$I$3+J10*$J$3+K10*$K$3+L10*$L$3+M10*$M$3+N10*$N$3+O10*$O$3+P10*$P$3 -> 108251
A11: 董宝玲 | B11: 111 | C11: 61 | D11: 519 | E11: 450 | F11: 1 | G11: 97 | J11: 3 | K11: 15 | L11: 2 | S11: 2 | U11: =SUM(C11:P11)-D11 -> 629 | V11: =SUM(B11:P11)-D11 -> 740 | W11: =B11+C11+E11+F11+G11*2+H11*3+I11*3+J11+K11*6+L11*5+M11+N11*5+O11*5+P11+Q11 -> 920 | X11: =C11*$C$3+D11*$D$3+E11*$E$3+F11*$F$3+G11*$G$3+H11*$H$3+I11*$I$3+J11*$J$3+K11*$K$3+L11*$L$3+M11*$M$3+N11*$N$3+O11*$O$3+P11*$P$3 -> 83330.5 | Y11: =B11*99+C11*$C$3+D11*$D$3+E11*$E$3+F11*$F$3+G11*$G$3+H11*$H$3+I11*$I$3+J11*$J$3+K11*$K$3+L11*$L$3+M11*$M$3+N11*$N$3+O11*$O$3+P11*$P$3 -> 94319.5
A12: 周晓丽 | B12: 231 | C12: 27 | D12: 398 | E12: 382 | G12: 66 | H12: 7 | I12: 11 | J12: 3 | K12: 5 | R12: 9 | S12: 3 | U12: =SUM(C12:P12)-D12 -> 501 | V12: =SUM(B12:P12)-D12 -> 732 | W12: =B12+C12+E12+F12+G12*2+H12*3+I12*3+J12+K12*6+L12*5+M12+N12*5+O12*5+P12+Q12 -> 859 | X12: =C12*$C$3+D12*$D$3+E12*$E$3+F12*$F$3+G12*$G$3+H12*$H$3+I12*$I$3+J12*$J$3+K12*$K$3+L12*$L$3+M12*$M$3+N12*$N$3+O12*$O$3+P12*$P$3 -> 67136 | Y12: =B12*99+C12*$C$3+D12*$D$3+E12*$E$3+F12*$F$3+G12*$G$3+H12*$H$3+I12*$I$3+J12*$J$3+K12*$K$3+L12*$L$3+M12*$M$3+N12*$N$3+O12*$O$3+P12*$P$3 -> 90005
A13: 刘炜 | B13: 173 | C13: 126 | D13: 768 | E13: 480 | G13: 246 | H13: 9 | I13: 8 | J13: 6 | N13: 2 | R13: 9 | U13: =SUM(C13:P13)-D13 -> 877 | V13: =SUM(B13:P13)-D13 -> 1050 | W13: =B13+C13+E13+F13+G13*2+H13*3+I13*3+J13+K13*6+L13*5+M13+N13*5+O13*5+P13+Q13 -> 1338 | X13: =C13*$C$3+D13*$D$3+E13*$E$3+F13*$F$3+G13*$G$3+H13*$H$3+I13*$I$3+J13*$J$3+K13*$K$3+L13*$L$3+M13*$M$3+N13*$N$3+O13*$O$3+P13*$P$3 -> 139014 | Y13: =B13*99+C13*$C$3+D13*$D$3+E13*$E$3+F13*$F$3+G13*$G$3+H13*$H$3+I13*$I$3+J13*$J$3+K13*$K$3+L13*$L$3+M13*$M$3+N13*$N$3+O13*$O$3+P13*$P$3 -> 156141
A14: 刘涛 | B14: 247 | C14: 1 | D14: 453 | E14: 459 | G14: 63 | J14: 9 | K14: 6 | M14: 1 | O14: 8 | Q14: 135 | R14: 40 | S14: 2 | U14: =SUM(C14:P14)-D14 -> 547 | V14: =SUM(B14:P14)-D14 -> 794 | W14: =B14+C14+E14+F14+G14*2+H14*3+I14*3+J14+K14*6+L14*5+M14+N14*5+O14*5+P14+Q14 -> 1054 | X14: =C14*$C$3+D14*$D$3+E14*$E$3+F14*$F$3+G14*$G$3+H14*$H$3+I14*$I$3+J14*$J$3+K14*$K$3+L14*$L$3+M14*$M$3+N14*$N$3+O14*$O$3+P14*$P$3 -> 67155 | Y14: =B14*99+C14*$C$3+D14*$D$3+E14*$E$3+F14*$F$3+G14*$G$3+H14*$H$3+I14*$I$3+J14*$J$3+K14*$K$3+L14*$L$3+M14*$M$3+N14*$N$3+O14*$O$3+P14*$P$3 -> 91608
A15: 朱凯 | B15: 258 | C15: 7 | D15: 470 | E15: 423 | G15: 64 | H15: 1 | J15: 10 | K15: 23 | L15: 4 | O15: 10 | Q15: 135 | R15: 41 | S15: 2 | U15: =SUM(C15:P15)-D15 -> 542 | V15: =SUM(B15:P15)-D15 -> 800 | W15: =B15+C15+E15+F15+G15*2+H15*3+I15*3+J15+K15*6+L15*5+M15+N15*5+O15*5+P15+Q15 -> 1172 | X15: =C15*$C$3+D15*$D$3+E15*$E$3+F15*$F$3+G15*$G$3+H15*$H$3+I15*$I$3+J15*$J$3+K15*$K$3+L15*$L$3+M15*$M$3+N15*$N$3+O15*$O$3+P15*$P$3 -> 67740 | Y15: =B15*99+C15*$C$3+D15*$D$3+E15*$E$3+F15*$F$3+G15*$G$3+H15*$H$3+I15*$I$3+J15*$J$3+K15*$K$3+L15*$L$3+M15*$M$3+N15*$N$3+O15*$O$3+P15*$P$3 -> 93282
A16: 李晓莹 | B16: 495 | C16: 90 | D16: 648 | E16: 560 | G16: 133 | J16: 13 | K16: 27 | L16: 3 | S16: 2 | U16: =SUM(C16:P16)-D16 -> 826 | V16: =SUM(B16:P16)-D16 -> 1321 | W16: =B16+C16+E16+F16+G16*2+H16*3+I16*3+J16+K16*6+L16*5+M16+N16*5+O16*5+P16+Q16 -> 1601 | X16: =C16*$C$3+D16*$D$3+E16*$E$3+F16*$F$3+G16*$G$3+H16*$H$3+I16*$I$3+J16*$J$3+K16*$K$3+L16*$L$3+M16*$M$3+N16*$N$3+O16*$O$3+P16*$P$3 -> 110374 | Y16: =B16*99+C16*$C$3+D16*$D$3+E16*$E$3+F16*$F$3+G16*$G$3+H16*$H$3+I16*$I$3+J16*$J$3+K16*$K$3+L16*$L$3+M16*$M$3+N16*$N$3+O16*$O$3+P16*$P$3 -> 159379
A17: 孟凡伟 | B17: 280 | C17: 5 | D17: 487 | E17: 468 | G17: 163 | J17: 21 | K17: 8 | L17: 17 | S17: 2 | U17: =SUM(C17:P17)-D17 -> 682 | V17: =SUM(B17:P17)-D17 -> 962 | W17: =B17+C17+E17+F17+G17*2+H17*3+I17*3+J17+K17*6+L17*5+M17+N17*5+O17*5+P17+Q17 -> 1233 | X17: =C17*$C$3+D17*$D$3+E17*$E$3+F17*$F$3+G17*$G$3+H17*$H$3+I17*$I$3+J17*$J$3+K17*$K$3+L17*$L$3+M17*$M$3+N17*$N$3+O17*$O$3+P17*$P$3 -> 95474.5 | Y17: =B17*99+C17*$C$3+D17*$D$3+E17*$E$3+F17*$F$3+G17*$G$3+H17*$H$3+I17*$I$3+J17*$J$3+K17*$K$3+L17*$L$3+M17*$M$3+N17*$N$3+O17*$O$3+P17*$P$3 -> 123194.5
A18: 王桐 | B18: 207 | C18: 21 | D18: 227 | E18: 201 | G18: 43 | J18: 3 | K18: 8 | S18: 2 | U18: =SUM(C18:P18)-D18 -> 276 | V18: =SUM(B18:P18)-D18 -> 483 | W18: =B18+C18+E18+F18+G18*2+H18*3+I18*3+J18+K18*6+L18*5+M18+N18*5+O18*5+P18+Q18 -> 566 | X18: =C18*$C$3+D18*$D$3+E18*$E$3+F18*$F$3+G18*$G$3+H18*$H$3+I18*$I$3+J18*$J$3+K18*$K$3+L18*$L$3+M18*$M$3+N18*$N$3+O18*$O$3+P18*$P$3 -> 36492.5 | Y18: =B18*99+C18*$C$3+D18*$D$3+E18*$E$3+F18*$F$3+G18*$G$3+H18*$H$3+I18*$I$3+J18*$J$3+K18*$K$3+L18*$L$3+M18*$M$3+N18*$N$3+O18*$O$3+P18*$P$3 -> 56985.5
A19: 程日 | B19: 333 | C19: 5 | D19: 387 | E19: 424 | F19: 1 | G19: 34 | J19: 7 | K19: 17 | S19: 3 | U19: =SUM(C19:P19)-D19 -> 488 | V19: =SUM(B19:P19)-D19 -> 821 | W19: =B19+C19+E19+F19+G19*2+H19*3+I19*3+J19+K19*6+L19*5+M19+N19*5+O19*5+P19+Q19 -> 940 | X19: =C19*$C$3+D19*$D$3+E19*$E$3+F19*$F$3+G19*$G$3+H19*$H$3+I19*$I$3+J19*$J$3+K19*$K$3+L19*$L$3+M19*$M$3+N19*$N$3+O19*$O$3+P19*$P$3 -> 56424.5 | Y19: =B19*99+C19*$C$3+D19*$D$3+E19*$E$3+F19*$F$3+G19*$G$3+H19*$H$3+I19*$I$3+J19*$J$3+K19*$K$3+L19*$L$3+M19*$M$3+N19*$N$3+O19*$O$3+P19*$P$3 -> 89391.5
A20: 洪森 | B20: 408 | C20: 3 | D20: 684 | E20: 690 | G20: 83 | J20: 11 | K20: 14 | L20: 2 | M20: 2 | S20: 2 | U20: =SUM(C20:P20)-D20 -> 805 | V20: =SUM(B20:P20)-D20 -> 1213 | W20: =B20+C20+E20+F20+G20*2+H20*3+I20*3+J20+K20*6+L20*5+M20+N20*5+O20*5+P20+Q20 -> 1374 | X20: =C20*$C$3+D20*$D$3+E20*$E$3+F20*$F$3+G20*$G$3+H20*$H$3+I20*$I$3+J20*$J$3+K20*$K$3+L20*$L$3+M20*$M$3+N20*$N$3+O20*$O$3+P20*$P$3 -> 96954 | Y20: =B20*99+C20*$C$3+D20*$D$3+E20*$E$3+F20*$F$3+G20*$G$3+H20*$H$3+I20*$I$3+J20*$J$3+K20*$K$3+L20*$L$3+M20*$M$3+N20*$N$3+O20*$O$3+P20*$P$3 -> 137346
A21: 马延梁 | B21: 359 | C21: 18 | D21: 532 | E21: 757 | G21: 107 | J21: 10 | K21: 18 | S21: 3 | U21: =SUM(C21:P21)-D21 -> 910 | V21: =SUM(B21:P21)-D21 -> 1269 | W21: =B21+C21+E21+F21+G21*2+H21*3+I21*3+J21+K21*6+L21*5+M21+N21*5+O21*5+P21+Q21 -> 1466 | X21: =C21*$C$3+D21*$D$3+E21*$E$3+F21*$F$3+G21*$G$3+H21*$H$3+I21*$I$3+J21*$J$3+K21*$K$3+L21*$L$3+M21*$M$3+N21*$N$3+O21*$O$3+P21*$P$3 -> 111419 | Y21: =B21*99+C21*$C$3+D21*$D$3+E21*$E$3+F21*$F$3+G21*$G$3+H21*$H$3+I21*$I$3+J21*$J$3+K21*$K$3+L21*$L$3+M21*$M$3+N21*$N$3+O21*$O$3+P21*$P$3 -> 146960
A22: 史嘉琳 | B22: 324 | C22: 174 | D22: 1079 | E22: 561 | G22: 219 | J22: 4 | M22: 1 | U22: =SUM(C22:P22)-D22 -> 959 | V22: =SUM(B22:P22)-D22 -> 1283 | W22: =B22+C22+E22+F22+G22*2+H22*3+I22*3+J22+K22*6+L22*5+M22+N22*5+O22*5+P22+Q22 -> 1502 | X22: =C22*$C$3+D22*$D$3+E22*$E$3+F22*$F$3+G22*$G$3+H22*$H$3+I22*$I$3+J22*$J$3+K22*$K$3+L22*$L$3+M22*$M$3+N22*$N$3+O22*$O$3+P22*$P$3 -> 142505 | Y22: =B22*99+C22*$C$3+D22*$D$3+E22*$E$3+F22*$F$3+G22*$G$3+H22*$H$3+I22*$I$3+J22*$J$3+K22*$K$3+L22*$L$3+M22*$M$3+N22*$N$3+O22*$O$3+P22*$P$3 -> 174581
A23: 孙承飞 | B23: 462 | C23: 9 | D23: 525 | E23: 555 | G23: 53 | J23: 22 | K23: 19 | L23: 8 | S23: 3 | U23: =SUM(C23:P23)-D23 -> 666 | V23: =SUM(B23:P23)-D23 -> 1128 | W23: =B23+C23+E23+F23+G23*2+H23*3+I23*3+J23+K23*6+L23*5+M23+N23*5+O23*5+P23+Q23 -> 1308 | X23: =C23*$C$3+D23*$D$3+E23*$E$3+F23*$F$3+G23*$G$3+H23*$H$3+I23*$I$3+J23*$J$3+K23*$K$3+L23*$L$3+M23*$M$3+N23*$N$3+O23*$O$3+P23*$P$3 -> 76994.5 | Y23: =B23*99+C23*$C$3+D23*$D$3+E23*$E$3+F23*$F$3+G23*$G$3+H23*$H$3+I23*$I$3+J23*$J$3+K23*$K$3+L23*$L$3+M23*$M$3+N23*$N$3+O23*$O$3+P23*$P$3 -> 122732.5
A24: 赵希平 | B24: 381 | C24: 10 | D24: 664 | E24: 665 | G24: 85 | J24: 27 | K24: 21 | L24: 4 | M24: 2 | S24: 3 | U24: =SUM(C24:P24)-D24 -> 814 | V24: =SUM(B24:P24)-D24 -> 1195 | W24: =B24+C24+E24+F24+G24*2+H24*3+I24*3+J24+K24*6+L24*5+M24+N24*5+O24*5+P24+Q24 -> 1401 | X24: =C24*$C$3+D24*$D$3+E24*$E$3+F24*$F$3+G24*$G$3+H24*$H$3+I24*$I$3+J24*$J$3+K24*$K$3+L24*$L$3+M24*$M$3+N24*$N$3+O24*$O$3+P24*$P$3 -> 97691 | Y24: =B24*99+C24*$C$3+D24*$D$3+E24*$E$3+F24*$F$3+G24*$G$3+H24*$H$3+I24*$I$3+J24*$J$3+K24*$K$3+L24*$L$3+M24*$M$3+N24*$N$3+O24*$O$3+P24*$P$3 -> 135410
A25: 李嘉鹏 | U25: =SUM(C25:P25)-D25 -> 0 | V25: =SUM(B25:P25)-D25 -> 0 | W25: =B25+C25+E25+F25+G25*2+H25*3+I25*3+J25+K25*6+L25*5+M25+N25*5+O25*5+P25+Q25 -> 0 | X25: =C25*$C$3+D25*$D$3+E25*$E$3+F25*$F$3+G25*$G$3+H25*$H$3+I25*$I$3+J25*$J$3+K25*$K$3+L25*$L$3+M25*$M$3+N25*$N$3+O25*$O$3+P25*$P$3 -> 0 | Y25: =B25*99+C25*$C$3+D25*$D$3+E25*$E$3+F25*$F$3+G25*$G$3+H25*$H$3+I25*$I$3+J25*$J$3+K25*$K$3+L25*$L$3+M25*$M$3+N25*$N$3+O25*$O$3+P25*$P$3 -> 0
A26: 姚静雯 | U26: =SUM(C26:P26)-D26 -> 0 | V26: =SUM(B26:P26)-D26 -> 0 | W26: =B26+C26+E26+F26+G26*2+H26*3+I26*3+J26+K26*6+L26*5+M26+N26*5+O26*5+P26+Q26 -> 0 | X26: =C26*$C$3+D26*$D$3+E26*$E$3+F26*$F$3+G26*$G$3+H26*$H$3+I26*$I$3+J26*$J$3+K26*$K$3+L26*$L$3+M26*$M$3+N26*$N$3+O26*$O$3+P26*$P$3 -> 0 | Y26: =B26*99+C26*$C$3+D26*$D$3+E26*$E$3+F26*$F$3+G26*$G$3+H26*$H$3+I26*$I$3+J26*$J$3+K26*$K$3+L26*$L$3+M26*$M$3+N26*$N$3+O26*$O$3+P26*$P$3 -> 0
A27: 李楠 | U27: =SUM(C27:P27)-D27 -> 0 | V27: =SUM(B27:P27)-D27 -> 0 | W27: =B27+C27+E27+F27+G27*2+H27*3+I27*3+J27+K27*6+L27*5+M27+N27*5+O27*5+P27+Q27 -> 0 | X27: =C27*$C$3+D27*$D$3+E27*$E$3+F27*$F$3+G27*$G$3+H27*$H$3+I27*$I$3+J27*$J$3+K27*$K$3+L27*$L$3+M27*$M$3+N27*$N$3+O27*$O$3+P27*$P$3 -> 0 | Y27: =B27*99+C27*$C$3+D27*$D$3+E27*$E$3+F27*$F$3+G27*$G$3+H27*$H$3+I27*$I$3+J27*$J$3+K27*$K$3+L27*$L$3+M27*$M$3+N27*$N$3+O27*$O$3+P27*$P$3 -> 0
A28: 韩天福 | U28: =SUM(C28:P28)-D28 -> 0 | V28: =SUM(B28:P28)-D28 -> 0 | W28: =B28+C28+E28+F28+G28*2+H28*3+I28*3+J28+K28*6+L28*5+M28+N28*5+O28*5+P28+Q28 -> 0 | X28: =C28*$C$3+D28*$D$3+E28*$E$3+F28*$F$3+G28*$G$3+H28*$H$3+I28*$I$3+J28*$J$3+K28*$K$3+L28*$L$3+M28*$M$3+N28*$N$3+O28*$O$3+P28*$P$3 -> 0 | Y28: =B28*99+C28*$C$3+D28*$D$3+E28*$E$3+F28*$F$3+G28*$G$3+H28*$H$3+I28*$I$3+J28*$J$3+K28*$K$3+L28*$L$3+M28*$M$3+N28*$N$3+O28*$O$3+P28*$P$3 -> 0
A29: 刘海燕 | B29: 298 | C29: 91 | D29: 755 | E29: 580 | F29: 9 | G29: 213 | U29: =SUM(C29:P29)-D29 -> 893 | V29: =SUM(B29:P29)-D29 -> 1191 | W29: 0 | X29: =C29*$C$3+D29*$D$3+E29*$E$3+F29*$F$3+G29*$G$3+H29*$H$3+I29*$I$3+J29*$J$3+K29*$K$3+L29*$L$3+M29*$M$3+N29*$N$3+O29*$O$3+P29*$P$3 -> 130311.5 | Y29: =B29*99+C29*$C$3+D29*$D$3+E29*$E$3+F29*$F$3+G29*$G$3+H29*$H$3+I29*$I$3+J29*$J$3+K29*$K$3+L29*$L$3+M29*$M$3+N29*$N$3+O29*$O$3+P29*$P$3 -> 159813.5
U30: =SUM(B30:Q30) -> 0 | V30: =SUM(B30:P30)-D30 -> 0 | W30: =B30+C30+E30+F30+G30*2+H30*3+I30*3+J30+K30*6+L30*5+M30+N30*5+O30*5+P30+Q30 -> 0 | X30: =C30*$C$3+D30*$D$3+E30*$E$3+F30*$F$3+G30*$G$3+H30*$H$3+I30*$I$3+J30*$J$3+K30*$K$3+L30*$L$3+M30*$M$3+N30*$N$3+O30*$O$3+P30*$P$3 -> 0 | Y30: =B30*99+C30*$C$3+D30*$D$3+E30*$E$3+F30*$F$3+G30*$G$3+H30*$H$3+I30*$I$3+J30*$J$3+K30*$K$3+L30*$L$3+M30*$M$3+N30*$N$3+O30*$O$3+P30*$P$3 -> 0
A31: 工作量合计 | B31: =SUM(B4:B30) -> 6865 | C31: =SUM(C4:C30) -> 1138 | D31: =SUM(D4:D30) -> 12875 | E31: =SUM(E4:E30) -> 11173 | F31: =SUM(F4:F30) -> 12 | G31: =SUM(G4:G30) -> 2663 | H31: =SUM(H4:H30) -> 32 | I31: =SUM(I4:I30) -> 28 | ... U31: =SUM(U4:U30) -> 15545 | V31: =SUM(B31:P31)-D31 -> 22410 | W31: =SUM(W4:W30) -> 25600 | X31: =SUM(X4:X30) -> 2093050.5 | Y31: =B31*99+C31*$C$3+D31*$D$3+E31*$E$3+F31*$F$3+G31*$G$3+H31*$H$3+I31*$I$3+J31*$J$3+K31*$K$3+L31*$L$3+M31*$M$3+N31*$N$3+O31*$O$3+P31*$P$3 -> 2772685.5
A32: 收入合计 | B32: =B31*B3 -> 679635 | C32: =C31*C3 -> 150216 | D32: =D31*D3 -> 70812.5 | E32: =E31*E3 -> 1106127 | F32: =F31*F3 -> 660 | G32: =G31*G3 -> 703032 | H32: =H31*H3 -> 9920 | I32: =I31*I3 -> 8008 | ... P32: =P31*P3 -> 0 | U32: - | V32: - | W32: - | X32: =SUM(C32:P32) -> 2093050.5 | Y32: =SUM(B32:P32) -> 2772685.5

Sheet 6月
A1: 2022年6月超声工作量
A2: 姓名 | B2: 体检例数 | C2: 腔内超声检查 | D2: 图文报告 | E2: 超声检查正常(包括双胎) | F2: 双胎加收 | G2: 脏器灰阶立体成象*2 | H2: 超声检查(胎儿系统) *3 | I2: 胎儿心脏超声 *3 | J2: 残余尿测定 | K2: 床旁彩超 *6 | L2: 床旁彩超加收 *5 | M2: B超常规检 | N2: 脏器声学造影 *5 | O2: 临床操作超声引导*5 | P2: 弹性成像 | Q2: 误时工作量例数 | R2: 疑难病例会诊例数 | S2: 夜班例数 | T2: 扣罚金额 | U2: 门住工作量合计 | V2: 门住体工作量合计 | W2: 绩效工作量 | X2: 门住收入合计 | Y2: 门住体总收入合计
B3: 99 | C3: 132 | D3: 5.5 | E3: 99 | F3: 55 | G3: 264 | H3: 310 | I3: 286 | J3: 55 | K3: 132 | L3: 33 | M3: 27.5 | N3: 143 | O3: 143 | P3: 55 | R3: 20 | S3: 50 | T3: 50-500
A4: 信吉伟 | B4: 83 | C4: 44 | D4: 664 | E4: 520 | F4: 0 | G4: 227 | H4: 10 | I4: 4 | J4: 2 | K4: 0 | L4: 0 | M4: 0 | N4: 4 | O4: 75 | Q4: 270 | R4: 95 | U4: =SUM(C4:P4)-D4 -> 886 | V4: =SUM(B4:P4)-D4 -> 969 | W4: =B4+C4+E4+F4+G4*2+H4*3+I4*3+J4+K4*6+L4*5+M4+N4*5+O4*5+P4+Q4 -> 1810 | X4: =C4*$C$3+D4*$D$3+E4*$E$3+F4*$F$3+G4*$G$3+H4*$H$3+I4*$I$3+J4*$J$3+K4*$K$3+L4*$L$3+M4*$M$3+N4*$N$3+O4*$O$3+P4*$P$3 -> 136519 | Y4: =B4*99+C4*$C$3+D4*$D$3+E4*$E$3+F4*$F$3+G4*$G$3+H4*$H$3+I4*$I$3+J4*$J$3+K4*$K$3+L4*$L$3+M4*$M$3+N4*$N$3+O4*$O$3+P4*$P$3 -> 144736
A5: 刘思阳 | B5: 384 | D5: 737 | E5: 649 | G5: 98 | J5: 13 | R5: 8 | U5: =SUM(C5:P5)-D5 -> 760 | V5: =SUM(B5:P5)-D5 -> 1144 | W5: =B5+C5+E5+F5+G5*2+H5*3+I5*3+J5+K5*6+L5*5+M5+N5*5+O5*5+P5+Q5 -> 1242 | X5: =C5*$C$3+D5*$D$3+E5*$E$3+F5*$F$3+G5*$G$3+H5*$H$3+I5*$I$3+J5*$J$3+K5*$K$3+L5*$L$3+M5*$M$3+N5*$N$3+O5*$O$3+P5*$P$3 -> 94891.5 | Y5: =B5*99+C5*$C$3+D5*$D$3+E5*$E$3+F5*$F$3+G5*$G$3+H5*$H$3+I5*$I$3+J5*$J$3+K5*$K$3+L5*$L$3+M5*$M$3+N5*$N$3+O5*$O$3+P5*$P$3 -> 132907.5
A6: 邢卫军 | B6: 189 | C6: 123 | D6: 791 | E6: 506 | G6: 172 | J6: 4 | R6: 6 | U6: =SUM(C6:P6)-D6 -> 805 | V6: =SUM(B6:P6)-D6 -> 994 | W6: =B6+C6+E6+F6+G6*2+H6*3+I6*3+J6+K6*6+L6*5+M6+N6*5+O6*5+P6+Q6 -> 1166 | X6: =C6*$C$3+D6*$D$3+E6*$E$3+F6*$F$3+G6*$G$3+H6*$H$3+I6*$I$3+J6*$J$3+K6*$K$3+L6*$L$3+M6*$M$3+N6*$N$3+O6*$O$3+P6*$P$3 -> 116308.5 | Y6: =B6*99+C6*$C$3+D6*$D$3+E6*$E$3+F6*$F$3+G6*$G$3+H6*$H$3+I6*$I$3+J6*$J$3+K6*$K$3+L6*$L$3+M6*$M$3+N6*$N$3+O6*$O$3+P6*$P$3 -> 135019.5
A7: 姜纯莲 | B7: 425 | C7: 123 | D7: 914 | E7: 605 | G7: 199 | J7: 4 | L7: 1 | R7: 6 | U7: =SUM(C7:P7)-D7 -> 932 | V7: =SUM(B7:P7)-D7 -> 1357 | W7: =B7+C7+E7+F7+G7*2+H7*3+I7*3+J7+K7*6+L7*5+M7+N7*5+O7*5+P7+Q7 -> 1560 | X7: =C7*$C$3+D7*$D$3+E7*$E$3+F7*$F$3+G7*$G$3+H7*$H$3+I7*$I$3+J7*$J$3+K7*$K$3+L7*$L$3+M7*$M$3+N7*$N$3+O7*$O$3+P7*$P$3 -> 133947 | Y7: =B7*99+C7*$C$3+D7*$D$3+E7*$E$3+F7*$F$3+G7*$G$3+H7*$H$3+I7*$I$3+J7*$J$3+K7*$K$3+L7*$L$3+M7*$M$3+N7*$N$3+O7*$O$3+P7*$P$3 -> 176022
A8: 王漠璇 | B8: 432 | C8: 141 | D8: 914 | E8: 529 | F8: 0 | G8: 264 | H8: 0 | I8: 0 | J8: 1 | R8: 8 | U8: =SUM(C8:P8)-D8 -> 935 | V8: =SUM(B8:P8)-D8 -> 1367 | W8: =B8+C8+E8+F8+G8*2+H8*3+I8*3+J8+K8*6+L8*5+M8+N8*5+O8*5+P8+Q8 -> 1631 | X8: =C8*$C$3+D8*$D$3+E8*$E$3+F8*$F$3+G8*$G$3+H8*$H$3+I8*$I$3+J8*$J$3+K8*$K$3+L8*$L$3+M8*$M$3+N8*$N$3+O8*$O$3+P8*$P$3 -> 145761 | Y8: =B8*99+C8*$C$3+D8*$D$3+E8*$E$3+F8*$F$3+G8*$G$3+H8*$H$3+I8*$I$3+J8*$J$3+K8*$K$3+L8*$L$3+M8*$M$3+N8*$N$3+O8*$O$3+P8*$P$3 -> 188529
A9: 汪亚新 | B9: 98 | D9: 442 | E9: 388 | G9: 59 | J9: 10 | R9: 8 | U9: =SUM(C9:P9)-D9 -> 457 | V9: =SUM(B9:P9)-D9 -> 555 | W9: =B9+C9+E9+F9+G9*2+H9*3+I9*3+J9+K9*6+L9*5+M9+N9*5+O9*5+P9+Q9 -> 614 | X9: =C9*$C$3+D9*$D$3+E9*$E$3+F9*$F$3+G9*$G$3+H9*$H$3+I9*$I$3+J9*$J$3+K9*$K$3+L9*$L$3+M9*$M$3+N9*$N$3+O9*$O$3+P9*$P$3 -> 56969 | Y9: =B9*99+C9*$C$3+D9*$D$3+E9*$E$3+F9*$F$3+G9*$G$3+H9*$H$3+I9*$I$3+J9*$J$3+K9*$K$3+L9*$L$3+M9*$M$3+N9*$N$3+O9*$O$3+P9*$P$3 -> 66671
A10: 李双生 | B10: 161 | C10: 1 | D10: 613 | E10: 575 | F10: 0 | G10: 79 | H10: 0 | I10: 0 | J10: 21 | K10: 0 | L10: 16 | R10: 6 | U10: =SUM(C10:P10)-D10 -> 692 | V10: =SUM(B10:P10)-D10 -> 853 | W10: =B10+C10+E10+F10+G10*2+H10*3+I10*3+J10+K10*6+L10*5+M10+N10*5+O10*5+P10+Q10 -> 996 | X10: =C10*$C$3+D10*$D$3+E10*$E$3+F10*$F$3+G10*$G$3+H10*$H$3+I10*$I$3+J10*$J$3+K10*$K$3+L10*$L$3+M10*$M$3+N10*$N$3+O10*$O$3+P10*$P$3 -> 82967.5 | Y10: =B10*99+C10*$C$3+D10*$D$3+E10*$E$3+F10*$F$3+G10*$G$3+H10*$H$3+I10*$I$3+J10*$J$3+K10*$K$3+L10*$L$3+M10*$M$3+N10*$N$3+O10*$O$3+P10*$P$3 -> 98906.5
A11: 董宝玲 | B11: 282 | C11: 72 | D11: 569 | E11: 409 | F11: 0 | G11: 109 | H11: 0 | I11: 0 | J11: 2 | L11: 12 | U11: =SUM(C11:P11)-D11 -> 604 | V11: =SUM(B11:P11)-D11 -> 886 | W11: =B11+C11+E11+F11+G11*2+H11*3+I11*3+J11+K11*6+L11*5+M11+N11*5+O11*5+P11+Q11 -> 1043 | X11: =C11*$C$3+D11*$D$3+E11*$E$3+F11*$F$3+G11*$G$3+H11*$H$3+I11*$I$3+J11*$J$3+K11*$K$3+L11*$L$3+M11*$M$3+N11*$N$3+O11*$O$3+P11*$P$3 -> 82406.5 | Y11: =B11*99+C11*$C$3+D11*$D$3+E11*$E$3+F11*$F$3+G11*$G$3+H11*$H$3+I11*$I$3+J11*$J$3+K11*$K$3+L11*$L$3+M11*$M$3+N11*$N$3+O11*$O$3+P11*$P$3 -> 110324.5
A12: 周晓丽 | B12: 267 | C12: 26 | D12: 346 | E12: 231 | F12: 2 | G12: 62 | H12: 8 | I12: 7 | J12: 0 | L12: 22 | R12: 16 | U12: =SUM(C12:P12)-D12 -> 358 | V12: =SUM(B12:P12)-D12 -> 625 | W12: =B12+C12+E12+F12+G12*2+H12*3+I12*3+J12+K12*6+L12*5+M12+N12*5+O12*5+P12+Q12 -> 805 | X12: =C12*$C$3+D12*$D$3+E12*$E$3+F12*$F$3+G12*$G$3+H12*$H$3+I12*$I$3+J12*$J$3+K12*$K$3+L12*$L$3+M12*$M$3+N12*$N$3+O12*$O$3+P12*$P$3 -> 49890 | Y12: =B12*99+C12*$C$3+D12*$D$3+E12*$E$3+F12*$F$3+G12*$G$3+H12*$H$3+I12*$I$3+J12*$J$3+K12*$K$3+L12*$L$3+M12*$M$3+N12*$N$3+O12*$O$3+P12*$P$3 -> 76323
A13: 刘炜 | B13: 167 | C13: 114 | D13: 792 | E13: 485 | F13: 1 | G13: 207 | H13: 5 | I13: 11 | J13: 2 | L13: 0 | M13: 0 | N13: 1 | O13: 2 | R13: 16 | U13: =SUM(C13:P13)-D13 -> 828 | V13: =SUM(B13:P13)-D13 -> 995 | W13: =B13+C13+E13+F13+G13*2+H13*3+I13*3+J13+K13*6+L13*5+M13+N13*5+O13*5+P13+Q13 -> 1246 | X13: =C13*$C$3+D13*$D$3+E13*$E$3+F13*$F$3+G13*$G$3+H13*$H$3+I13*$I$3+J13*$J$3+K13*$K$3+L13*$L$3+M13*$M$3+N13*$N$3+O13*$O$3+P13*$P$3 -> 127357 | Y13: =B13*99+C13*$C$3+D13*$D$3+E13*$E$3+F13*$F$3+G13*$G$3+H13*$H$3+I13*$I$3+J13*$J$3+K13*$K$3+L13*$L$3+M13*$M$3+N13*$N$3+O13*$O$3+P13*$P$3 -> 143890
A14: 刘涛 | B14: 455 | C14: 3 | D14: 446 | E14: 404 | F14: 0 | G14: 59 | H14: 1 | I14: 0 | J14: 12 | L14: 22 | M14: 1 | N14: 0 | O14: 27 | Q14: 135 | R14: 43 | U14: =SUM(C14:P14)-D14 -> 529 | V14: =SUM(B14:P14)-D14 -> 984 | W14: =B14+C14+E14+F14+G14*2+H14*3+I14*3+J14+K14*6+L14*5+M14+N14*5+O14*5+P14+Q14 -> 1376 | X14: =C14*$C$3+D14*$D$3+E14*$E$3+F14*$F$3+G14*$G$3+H14*$H$3+I14*$I$3+J14*$J$3+K14*$K$3+L14*$L$3+M14*$M$3+N14*$N$3+O14*$O$3+P14*$P$3 -> 64005.5 | Y14: =B14*99+C14*$C$3+D14*$D$3+E14*$E$3+F14*$F$3+G14*$G$3+H14*$H$3+I14*$I$3+J14*$J$3+K14*$K$3+L14*$L$3+M14*$M$3+N14*$N$3+O14*$O$3+P14*$P$3 -> 109050.5
A15: 朱凯 | B15: 236 | C15: 5 | D15: 707 | E15: 619 | F15: 1 | G15: 96 | H15: 0 | I15: 0 | J15: 15 | L15: 14 | M15: 0 | N15: 0 | O15: 7 | Q15: 135 | R15: 42 | U15: =SUM(C15:P15)-D15 -> 757 | V15: =SUM(B15:P15)-D15 -> 993 | W15: =B15+C15+E15+F15+G15*2+H15*3+I15*3+J15+K15*6+L15*5+M15+N15*5+O15*5+P15+Q15 -> 1308 | X15: =C15*$C$3+D15*$D$3+E15*$E$3+F15*$F$3+G15*$G$3+H15*$H$3+I15*$I$3+J15*$J$3+K15*$K$3+L15*$L$3+M15*$M$3+N15*$N$3+O15*$O$3+P15*$P$3 -> 93516.5 | Y15: =B15*99+C15*$C$3+D15*$D$3+E15*$E$3+F15*$F$3+G15*$G$3+H15*$H$3+I15*$I$3+J15*$J$3+K15*$K$3+L15*$L$3+M15*$M$3+N15*$N$3+O15*$O$3+P15*$P$3 -> 116880.5
A16: 李晓莹 | B16: 298 | C16: 59 | D16: 624 | E16: 432 | F16: 1 | G16: 140 | J16: 5 | L16: 10 | R16: 6 | U16: =SUM(C16:P16)-D16 -> 647 | V16: =SUM(B16:P16)-D16 -> 945 | W16: =B16+C16+E16+F16+G16*2+H16*3+I16*3+J16+K16*6+L16*5+M16+N16*5+O16*5+P16+Q16 -> 1125 | X16: =C16*$C$3+D16*$D$3+E16*$E$3+F16*$F$3+G16*$G$3+H16*$H$3+I16*$I$3+J16*$J$3+K16*$K$3+L16*$L$3+M16*$M$3+N16*$N$3+O16*$O$3+P16*$P$3 -> 91608 | Y16: =B16*99+C16*$C$3+D16*$D$3+E16*$E$3+F16*$F$3+G16*$G$3+H16*$H$3+I16*$I$3+J16*$J$3+K16*$K$3+L16*$L$3+M16*$M$3+N16*$N$3+O16*$O$3+P16*$P$3 -> 121110
A17: 孟凡伟 | B17: 319 | C17: 3 | D17: 529 | E17: 478 | F17: 0 | G17: 52 | H17: 0 | I17: 0 | J17: 14 | L17: 19 | R17: 6 | U17: =SUM(C17:P17)-D17 -> 566 | V17: =SUM(B17:P17)-D17 -> 885 | W17: =B17+C17+E17+F17+G17*2+H17*3+I17*3+J17+K17*6+L17*5+M17+N17*5+O17*5+P17+Q17 -> 1013 | X17: =C17*$C$3+D17*$D$3+E17*$E$3+F17*$F$3+G17*$G$3+H17*$H$3+I17*$I$3+J17*$J$3+K17*$K$3+L17*$L$3+M17*$M$3+N17*$N$3+O17*$O$3+P17*$P$3 -> 65752.5 | Y17: =B17*99+C17*$C$3+D17*$D$3+E17*$E$3+F17*$F$3+G17*$G$3+H17*$H$3+I17*$I$3+J17*$J$3+K17*$K$3+L17*$L$3+M17*$M$3+N17*$N$3+O17*$O$3+P17*$P$3 -> 97333.5
A18: 王桐 | B18: 319 | C18: 40 | D18: 518 | E18: 383 | F18: 0 | G18: 96 | H18: 1 | I18: 0 | J18: 2 | L18: 28 | R18: 7 | U18: =SUM(C18:P18)-D18 -> 550 | V18: =SUM(B18:P18)-D18 -> 869 | W18: =B18+C18+E18+F18+G18*2+H18*3+I18*3+J18+K18*6+L18*5+M18+N18*5+O18*5+P18+Q18 -> 1079 | X18: =C18*$C$3+D18*$D$3+E18*$E$3+F18*$F$3+G18*$G$3+H18*$H$3+I18*$I$3+J18*$J$3+K18*$K$3+L18*$L$3+M18*$M$3+N18*$N$3+O18*$O$3+P18*$P$3 -> 72734 | Y18: =B18*99+C18*$C$3+D18*$D$3+E18*$E$3+F18*$F$3+G18*$G$3+H18*$H$3+I18*$I$3+J18*$J$3+K18*$K$3+L18*$L$3+M18*$M$3+N18*$N$3+O18*$O$3+P18*$P$3 -> 104315
A19: 程日 | B19: 468 | C19: 5 | D19: 795 | E19: 693 | F19: 0 | G19: 72 | H19: 0 | I19: 0 | J19: 17 | L19: 33 | M19: 1 | R19: 6 | U19: =SUM(C19:P19)-D19 -> 821 | V19: =SUM(B19:P19)-D19 -> 1289 | W19: =B19+C19+E19+F19+G19*2+H19*3+I19*3+J19+K19*6+L19*5+M19+N19*5+O19*5+P19+Q19 -> 1493 | X19: =C19*$C$3+D19*$D$3+E19*$E$3+F19*$F$3+G19*$G$3+H19*$H$3+I19*$I$3+J19*$J$3+K19*$K$3+L19*$L$3+M19*$M$3+N19*$N$3+O19*$O$3+P19*$P$3 -> 94699 | Y19: =B19*99+C19*$C$3+D19*$D$3+E19*$E$3+F19*$F$3+G19*$G$3+H19*$H$3+I19*$I$3+J19*$J$3+K19*$K$3+L19*$L$3+M19*$M$3+N19*$N$3+O19*$O$3+P19*$P$3 -> 141031
A20: 洪森 | B20: 244 | C20: 4 | D20: 601 | E20: 554 | F20: 0 | G20: 59 | H20: 0 | I20: 0 | J20: 25 | K20: 0 | L20: 20 | R20: 6 | U20: =SUM(C20:P20)-D20 -> 662 | V20: =SUM(B20:P20)-D20 -> 906 | W20: =B20+C20+E20+F20+G20*2+H20*3+I20*3+J20+K20*6+L20*5+M20+N20*5+O20*5+P20+Q20 -> 1045 | X20: =C20*$C$3+D20*$D$3+E20*$E$3+F20*$F$3+G20*$G$3+H20*$H$3+I20*$I$3+J20*$J$3+K20*$K$3+L20*$L$3+M20*$M$3+N20*$N$3+O20*$O$3+P20*$P$3 -> 76290.5 | Y20: =B20*99+C20*$C$3+D20*$D$3+E20*$E$3+F20*$F$3+G20*$G$3+H20*$H$3+I20*$I$3+J20*$J$3+K20*$K$3+L20*$L$3+M20*$M$3+N20*$N$3+O20*$O$3+P20*$P$3 -> 100446.5
A21: 马延梁 | B21: 201 | C21: 15 | D21: 909 | E21: 978 | F21: 1 | G21: 156 | H21: 0 | I21: 0 | J21: 19 | L21: 23 | R21: 6 | U21: =SUM(C21:P21)-D21 -> 1192 | V21: =SUM(B21:P21)-D21 -> 1393 | W21: =B21+C21+E21+F21+G21*2+H21*3+I21*3+J21+K21*6+L21*5+M21+N21*5+O21*5+P21+Q21 -> 1641 | X21: =C21*$C$3+D21*$D$3+E21*$E$3+F21*$F$3+G21*$G$3+H21*$H$3+I21*$I$3+J21*$J$3+K21*$K$3+L21*$L$3+M21*$M$3+N21*$N$3+O21*$O$3+P21*$P$3 -> 146844.5 | Y21: =B21*99+C21*$C$3+D21*$D$3+E21*$E$3+F21*$F$3+G21*$G$3+H21*$H$3+I21*$I$3+J21*$J$3+K21*$K$3+L21*$L$3+M21*$M$3+N21*$N$3+O21*$O$3+P21*$P$3 -> 166743.5
A22: 史嘉琳 | B22: 248 | C22: 195 | D22: 1332 | E22: 619 | F22: 0 | G22: 285 | H22: 0 | I22: 0 | J22: 10 | K22: 0 | L22: 0 | M22: 1 | R22: 6 | U22: =SUM(C22:P22)-D22 -> 1110 | V22: =SUM(B22:P22)-D22 -> 1358 | W22: =B22+C22+E22+F22+G22*2+H22*3+I22*3+J22+K22*6+L22*5+M22+N22*5+O22*5+P22+Q22 -> 1643 | X22: =C22*$C$3+D22*$D$3+E22*$E$3+F22*$F$3+G22*$G$3+H22*$H$3+I22*$I$3+J22*$J$3+K22*$K$3+L22*$L$3+M22*$M$3+N22*$N$3+O22*$O$3+P22*$P$3 -> 170164.5 | Y22: =B22*99+C22*$C$3+D22*$D$3+E22*$E$3+F22*$F$3+G22*$G$3+H22*$H$3+I22*$I$3+J22*$J$3+K22*$K$3+L22*$L$3+M22*$M$3+N22*$N$3+O22*$O$3+P22*$P$3 -> 194716.5
A23: 孙承飞 | B23: 147 | C23: 7 | D23: 531 | E23: 505 | F23: 1 | G23: 47 | H23: 0 | I23: 0 | J23: 9 | L23: 15 | R23: 2 | U23: =SUM(C23:P23)-D23 -> 584 | V23: =SUM(B23:P23)-D23 -> 731 | W23: =B23+C23+E23+F23+G23*2+H23*3+I23*3+J23+K23*6+L23*5+M23+N23*5+O23*5+P23+Q23 -> 838 | X23: =C23*$C$3+D23*$D$3+E23*$E$3+F23*$F$3+G23*$G$3+H23*$H$3+I23*$I$3+J23*$J$3+K23*$K$3+L23*$L$3+M23*$M$3+N23*$N$3+O23*$O$3+P23*$P$3 -> 67292.5 | Y23: =B23*99+C23*$C$3+D23*$D$3+E23*$E$3+F23*$F$3+G23*$G$3+H23*$H$3+I23*$I$3+J23*$J$3+K23*$K$3+L23*$L$3+M23*$M$3+N23*$N$3+O23*$O$3+P23*$P$3 -> 81845.5
A24: 赵希平 | B24: 307 | C24: 4 | D24: 484 | E24: 423 | F24: 0 | G24: 47 | H24: 0 | I24: 0 | J24: 14 | L24: 8 | M24: 0 | R24: 8 | U24: =SUM(C24:P24)-D24 -> 496 | V24: =SUM(B24:P24)-D24 -> 803 | W24: =B24+C24+E24+F24+G24*2+H24*3+I24*3+J24+K24*6+L24*5+M24+N24*5+O24*5+P24+Q24 -> 882 | X24: =C24*$C$3+D24*$D$3+E24*$E$3+F24*$F$3+G24*$G$3+H24*$H$3+I24*$I$3+J24*$J$3+K24*$K$3+L24*$L$3+M24*$M$3+N24*$N$3+O24*$O$3+P24*$P$3 -> 58509 | Y24: =B24*99+C24*$C$3+D24*$D$3+E24*$E$3+F24*$F$3+G24*$G$3+H24*$H$3+I24*$I$3+J24*$J$3+K24*$K$3+L24*$L$3+M24*$M$3+N24*$N$3+O24*$O$3+P24*$P$3 -> 88902
A25: 李嘉鹏 | U25: =SUM(C25:P25)-D25 -> 0 | V25: =SUM(B25:P25)-D25 -> 0 | W25: =B25+C25+E25+F25+G25*2+H25*3+I25*3+J25+K25*6+L25*5+M25+N25*5+O25*5+P25+Q25 -> 0 | X25: =C25*$C$3+D25*$D$3+E25*$E$3+F25*$F$3+G25*$G$3+H25*$H$3+I25*$I$3+J25*$J$3+K25*$K$3+L25*$L$3+M25*$M$3+N25*$N$3+O25*$O$3+P25*$P$3 -> 0 | Y25: =B25*99+C25*$C$3+D25*$D$3+E25*$E$3+F25*$F$3+G25*$G$3+H25*$H$3+I25*$I$3+J25*$J$3+K25*$K$3+L25*$L$3+M25*$M$3+N25*$N$3+O25*$O$3+P25*$P$3 -> 0
A26: 王雪彤 | B26: 8 | C26: 4 | D26: 14 | E26: 0 | F26: 0 | G26: 2 | H26: 0 | I26: 0 | J26: 0 | U26: =SUM(C26:P26)-D26 -> 6 | V26: =SUM(B26:P26)-D26 -> 14 | W26: =B26+C26+E26+F26+G26*2+H26*3+I26*3+J26+K26*6+L26*5+M26+N26*5+O26*5+P26+Q26 -> 16 | X26: =C26*$C$3+D26*$D$3+E26*$E$3+F26*$F$3+G26*$G$3+H26*$H$3+I26*$I$3+J26*$J$3+K26*$K$3+L26*$L$3+M26*$M$3+N26*$N$3+O26*$O$3+P26*$P$3 -> 1133 | Y26: =B26*99+C26*$C$3+D26*$D$3+E26*$E$3+F26*$F$3+G26*$G$3+H26*$H$3+I26*$I$3+J26*$J$3+K26*$K$3+L26*$L$3+M26*$M$3+N26*$N$3+O26*$O$3+P26*$P$3 -> 1925
A27: 李楠 | U27: =SUM(C27:P27)-D27 -> 0 | V27: =SUM(B27:P27)-D27 -> 0 | W27: =B27+C27+E27+F27+G27*2+H27*3+I27*3+J27+K27*6+L27*5+M27+N27*5+O27*5+P27+Q27 -> 0 | X27: =C27*$C$3+D27*$D$3+E27*$E$3+F27*$F$3+G27*$G$3+H27*$H$3+I27*$I$3+J27*$J$3+K27*$K$3+L27*$L$3+M27*$M$3+N27*$N$3+O27*$O$3+P27*$P$3 -> 0 | Y27: =B27*99+C27*$C$3+D27*$D$3+E27*$E$3+F27*$F$3+G27*$G$3+H27*$H$3+I27*$I$3+J27*$J$3+K27*$K$3+L27*$L$3+M27*$M$3+N27*$N$3+O27*$O$3+P27*$P$3 -> 0
U28: =SUM(C28:P28)-D28 -> 0 | V28: =SUM(B28:P28)-D28 -> 0 | W28: =B28+C28+E28+F28+G28*2+H28*3+I28*3+J28+K28*6+L28*5+M28+N28*5+O28*5+P28+Q28 -> 0 | X28: =C28*$C$3+D28*$D$3+E28*$E$3+F28*$F$3+G28*$G$3+H28*$H$3+I28*$I$3+J28*$J$3+K28*$K$3+L28*$L$3+M28*$M$3+N28*$N$3+O28*$O$3+P28*$P$3 -> 0 | Y28: =B28*99+C28*$C$3+D28*$D$3+E28*$E$3+F28*$F$3+G28*$G$3+H28*$H$3+I28*$I$3+J28*$J$3+K28*$K$3+L28*$L$3+M28*$M$3+N28*$N$3+O28*$O$3+P28*$P$3 -> 0
A29: 刘海燕 | B29: 272 | C29: 54 | D29: 886 | E29: 702 | F29: 1 | G29: 189 | U29: =SUM(C29:P29)-D29 -> 946 | V29: =SUM(B29:P29)-D29 -> 1218 | W29: 0 | X29: =C29*$C$3+D29*$D$3+E29*$E$3+F29*$F$3+G29*$G$3+H29*$H$3+I29*$I$3+J29*$J$3+K29*$K$3+L29*$L$3+M29*$M$3+N29*$N$3+O29*$O$3+P29*$P$3 -> 131450 | Y29: =B29*99+C29*$C$3+D29*$D$3+E29*$E$3+F29*$F$3+G29*$G$3+H29*$H$3+I29*$I$3+J29*$J$3+K29*$K$3+L29*$L$3+M29*$M$3+N29*$N$3+O29*$O$3+P29*$P$3 -> 158378
U30: =SUM(B30:Q30) -> 0 | V30: =SUM(B30:P30)-D30 -> 0 | W30: =B30+C30+E30+F30+G30*2+H30*3+I30*3+J30+K30*6+L30*5+M30+N30*5+O30*5+P30+Q30 -> 0 | X30: =C30*$C$3+D30*$D$3+E30*$E$3+F30*$F$3+G30*$G$3+H30*$H$3+I30*$I$3+J30*$J$3+K30*$K$3+L30*$L$3+M30*$M$3+N30*$N$3+O30*$O$3+P30*$P$3 -> 0 | Y30: =B30*99+C30*$C$3+D30*$D$3+E30*$E$3+F30*$F$3+G30*$G$3+H30*$H$3+I30*$I$3+J30*$J$3+K30*$K$3+L30*$L$3+M30*$M$3+N30*$N$3+O30*$O$3+P30*$P$3 -> 0
A31: 工作量合计 | B31: =SUM(B4:B30) -> 6010 | C31: =SUM(C4:C30) -> 1042 | D31: =SUM(D4:D30) -> 15158 | E31: =SUM(E4:E30) -> 11687 | F31: =SUM(F4:F30) -> 8 | G31: =SUM(G4:G30) -> 2776 | H31: =SUM(H4:H30) -> 25 | I31: =SUM(I4:I30) -> 22 | ... U31: =SUM(U4:U30) -> 16123 | V31: =SUM(B31:P31)-D31 -> 22133 | W31: =SUM(W4:W30) -> 25572 | X31: =SUM(X4:X30) -> 2161016.5 | Y31: =B31*99+C31*$C$3+D31*$D$3+E31*$E$3+F31*$F$3+G31*$G$3+H31*$H$3+I31*$I$3+J31*$J$3+K31*$K$3+L31*$L$3+M31*$M$3+N31*$N$3+O31*$O$3+P31*$P$3 -> 2756006.5
A32: 收入合计 | B32: =B31*B3 -> 594990 | C32: =C31*C3 -> 137544 | D32: =D31*D3 -> 83369 | E32: =E31*E3 -> 1157013 | F32: =F31*F3 -> 440 | G32: =G31*G3 -> 732864 | H32: =H31*H3 -> 7750 | I32: =I31*I3 -> 6292 | ... P32: =P31*P3 -> 0 | U32: - | V32: - | W32: - | X32: =SUM(C32:P32) -> 2161016.5 | Y32: =SUM(B32:P32) -> 2756006.5

Sheet 7月
A1: 2022年7月超声工作量
A2: 姓名 | B2: 体检例数 | C2: 腔内超声检查 | D2: 图文报告 | E2: 超声检查正常(包括双胎) | F2: 双胎加收 | G2: 脏器灰阶立体成象*2 | H2: 超声检查(胎儿系统) *3 | I2: 胎儿心脏超声 *3 | J2: 残余尿测定 | K2: 床旁彩超 *6 | L2: 床旁彩超加收 *5 | M2: B超常规检 | N2: 脏器声学造影 *5 | O2: 临床操作超声引导*5 | P2: 弹性成像 | Q2: 误时工作量例数 | R2: 疑难病例会诊例数 | S2: 夜班例数 | T2: 扣罚金额 | U2: 门住工作量合计 | V2: 门住体工作量合计 | W2: 绩效工作量 | X2: 门住收入合计 | Y2: 门住体总收入合计
B3: 99 | C3: 132 | D3: 5.5 | E3: 99 | F3: 55 | G3: 264 | H3: 310 | I3: 286 | J3: 55 | K3: 132 | L3: 33 | M3: 27.5 | N3: 143 | O3: 143 | P3: 55 | R3: 20 | S3: 50 | T3: 50-500
A4: 信吉伟 | B4: 110 | C4: 30 | D4: 543 | E4: 429 | G4: 150 | H4: 24 | I4: 3 | J4: 1 | N4: 23 | O4: 15 | Q4: 270 | R4: 102 | U4: =SUM(C4:P4)-D4 -> 675 | V4: =SUM(B4:P4)-D4 -> 785 | W4: =B4+C4+E4+F4+G4*2+H4*3+I4*3+J4+K4*6+L4*5+M4+N4*5+O4*5+P4+Q4 -> 1411 | X4: =C4*$C$3+D4*$D$3+E4*$E$3+F4*$F$3+G4*$G$3+H4*$H$3+I4*$I$3+J4*$J$3+K4*$K$3+L4*$L$3+M4*$M$3+N4*$N$3+O4*$O$3+P4*$P$3 -> 102804.5 | Y4: =B4*99+C4*$C$3+D4*$D$3+E4*$E$3+F4*$F$3+G4*$G$3+H4*$H$3+I4*$I$3+J4*$J$3+K4*$K$3+L4*$L$3+M4*$M$3+N4*$N$3+O4*$O$3+P4*$P$3 -> 113694.5
A5: 刘思阳 | B5: 398 | D5: 732 | E5: 641 | G5: 91 | J5: 25 | R5: 8 | U5: =SUM(C5:P5)-D5 -> 757 | V5: =SUM(B5:P5)-D5 -> 1155 | W5: =B5+C5+E5+F5+G5*2+H5*3+I5*3+J5+K5*6+L5*5+M5+N5*5+O5*5+P5+Q5 -> 1246 | X5: =C5*$C$3+D5*$D$3+E5*$E$3+F5*$F$3+G5*$G$3+H5*$H$3+I5*$I$3+J5*$J$3+K5*$K$3+L5*$L$3+M5*$M$3+N5*$N$3+O5*$O$3+P5*$P$3 -> 92884 | Y5: =B5*99+C5*$C$3+D5*$D$3+E5*$E$3+F5*$F$3+G5*$G$3+H5*$H$3+I5*$I$3+J5*$J$3+K5*$K$3+L5*$L$3+M5*$M$3+N5*$N$3+O5*$O$3+P5*$P$3 -> 132286
A6: 邢卫军 | B6: 242 | C6: 96 | D6: 729 | E6: 469 | G6: 164 | J6: 6 | R6: 6 | U6: =SUM(C6:P6)-D6 -> 735 | V6: =SUM(B6:P6)-D6 -> 977 | W6: =B6+C6+E6+F6+G6*2+H6*3+I6*3+J6+K6*6+L6*5+M6+N6*5+O6*5+P6+Q6 -> 1141 | X6: =C6*$C$3+D6*$D$3+E6*$E$3+F6*$F$3+G6*$G$3+H6*$H$3+I6*$I$3+J6*$J$3+K6*$K$3+L6*$L$3+M6*$M$3+N6*$N$3+O6*$O$3+P6*$P$3 -> 106738.5 | Y6: =B6*99+C6*$C$3+D6*$D$3+E6*$E$3+F6*$F$3+G6*$G$3+H6*$H$3+I6*$I$3+J6*$J$3+K6*$K$3+L6*$L$3+M6*$M$3+N6*$N$3+O6*$O$3+P6*$P$3 -> 130696.5
A7: 姜纯莲 | B7: 259 | C7: 162 | D7: 1056 | E7: 670 | G7: 206 | J7: 9 | L7: 2 | R7: 8 | U7: =SUM(C7:P7)-D7 -> 1049 | V7: =SUM(B7:P7)-D7 -> 1308 | W7: =B7+C7+E7+F7+G7*2+H7*3+I7*3+J7+K7*6+L7*5+M7+N7*5+O7*5+P7+Q7 -> 1522 | X7: =C7*$C$3+D7*$D$3+E7*$E$3+F7*$F$3+G7*$G$3+H7*$H$3+I7*$I$3+J7*$J$3+K7*$K$3+L7*$L$3+M7*$M$3+N7*$N$3+O7*$O$3+P7*$P$3 -> 148467 | Y7: =B7*99+C7*$C$3+D7*$D$3+E7*$E$3+F7*$F$3+G7*$G$3+H7*$H$3+I7*$I$3+J7*$J$3+K7*$K$3+L7*$L$3+M7*$M$3+N7*$N$3+O7*$O$3+P7*$P$3 -> 174108
A8: 王漠璇 | B8: 263 | C8: 142 | D8: 837 | E8: 496 | F8: 1 | G8: 208 | J8: 5 | L8: 3 | R8: 8 | S8: 1 | U8: =SUM(C8:P8)-D8 -> 855 | V8: =SUM(B8:P8)-D8 -> 1118 | W8: =B8+C8+E8+F8+G8*2+H8*3+I8*3+J8+K8*6+L8*5+M8+N8*5+O8*5+P8+Q8 -> 1338 | X8: =C8*$C$3+D8*$D$3+E8*$E$3+F8*$F$3+G8*$G$3+H8*$H$3+I8*$I$3+J8*$J$3+K8*$K$3+L8*$L$3+M8*$M$3+N8*$N$3+O8*$O$3+P8*$P$3 -> 127792.5 | Y8: =B8*99+C8*$C$3+D8*$D$3+E8*$E$3+F8*$F$3+G8*$G$3+H8*$H$3+I8*$I$3+J8*$J$3+K8*$K$3+L8*$L$3+M8*$M$3+N8*$N$3+O8*$O$3+P8*$P$3 -> 153829.5
A9: 汪亚新 | B9: 101 | D9: 225 | E9: 191 | G9: 34 | J9: 6 | R9: 6 | U9: =SUM(C9:P9)-D9 -> 231 | V9: =SUM(B9:P9)-D9 -> 332 | W9: =B9+C9+E9+F9+G9*2+H9*3+I9*3+J9+K9*6+L9*5+M9+N9*5+O9*5+P9+Q9 -> 366 | X9: =C9*$C$3+D9*$D$3+E9*$E$3+F9*$F$3+G9*$G$3+H9*$H$3+I9*$I$3+J9*$J$3+K9*$K$3+L9*$L$3+M9*$M$3+N9*$N$3+O9*$O$3+P9*$P$3 -> 29452.5 | Y9: =B9*99+C9*$C$3+D9*$D$3+E9*$E$3+F9*$F$3+G9*$G$3+H9*$H$3+I9*$I$3+J9*$J$3+K9*$K$3+L9*$L$3+M9*$M$3+N9*$N$3+O9*$O$3+P9*$P$3 -> 39451.5
A10: 李双生 | B10: 290 | C10: 5 | D10: 676 | E10: 614 | G10: 79 | J10: 23 | L10: 45 | R10: 8 | S10: 3 | U10: =SUM(C10:P10)-D10 -> 766 | V10: =SUM(B10:P10)-D10 -> 1056 | W10: =B10+C10+E10+F10+G10*2+H10*3+I10*3+J10+K10*6+L10*5+M10+N10*5+O10*5+P10+Q10 -> 1315 | X10: =C10*$C$3+D10*$D$3+E10*$E$3+F10*$F$3+G10*$G$3+H10*$H$3+I10*$I$3+J10*$J$3+K10*$K$3+L10*$L$3+M10*$M$3+N10*$N$3+O10*$O$3+P10*$P$3 -> 88770 | Y10: =B10*99+C10*$C$3+D10*$D$3+E10*$E$3+F10*$F$3+G10*$G$3+H10*$H$3+I10*$I$3+J10*$J$3+K10*$K$3+L10*$L$3+M10*$M$3+N10*$N$3+O10*$O$3+P10*$P$3 -> 117480
A11: 董宝玲 | B11: 90 | C11: 34 | D11: 287 | E11: 195 | F11: 1 | G11: 61 | L11: 20 | R11: 2 | S11: 2 | U11: =SUM(C11:P11)-D11 -> 311 | V11: =SUM(B11:P11)-D11 -> 401 | W11: =B11+C11+E11+F11+G11*2+H11*3+I11*3+J11+K11*6+L11*5+M11+N11*5+O11*5+P11+Q11 -> 542 | X11: =C11*$C$3+D11*$D$3+E11*$E$3+F11*$F$3+G11*$G$3+H11*$H$3+I11*$I$3+J11*$J$3+K11*$K$3+L11*$L$3+M11*$M$3+N11*$N$3+O11*$O$3+P11*$P$3 -> 42190.5 | Y11: =B11*99+C11*$C$3+D11*$D$3+E11*$E$3+F11*$F$3+G11*$G$3+H11*$H$3+I11*$I$3+J11*$J$3+K11*$K$3+L11*$L$3+M11*$M$3+N11*$N$3+O11*$O$3+P11*$P$3 -> 51100.5
A12: 周晓丽 | B12: 197 | C12: 32 | D12: 405 | E12: 320 | G12: 58 | H12: 5 | I12: 5 | L12: 17 | R12: 13 | S12: 2 | U12: =SUM(C12:P12)-D12 -> 437 | V12: =SUM(B12:P12)-D12 -> 634 | W12: =B12+C12+E12+F12+G12*2+H12*3+I12*3+J12+K12*6+L12*5+M12+N12*5+O12*5+P12+Q12 -> 780 | X12: =C12*$C$3+D12*$D$3+E12*$E$3+F12*$F$3+G12*$G$3+H12*$H$3+I12*$I$3+J12*$J$3+K12*$K$3+L12*$L$3+M12*$M$3+N12*$N$3+O12*$O$3+P12*$P$3 -> 56984.5 | Y12: =B12*99+C12*$C$3+D12*$D$3+E12*$E$3+F12*$F$3+G12*$G$3+H12*$H$3+I12*$I$3+J12*$J$3+K12*$K$3+L12*$L$3+M12*$M$3+N12*$N$3+O12*$O$3+P12*$P$3 -> 76487.5
A13: 刘炜 | B13: 219 | C13: 168 | D13: 964 | E13: 487 | F13: 1 | G13: 297 | H13: 20 | I13: 11 | J13: 3 | L13: 1 | N13: 4 | R13: 20 | U13: =SUM(C13:P13)-D13 -> 992 | V13: =SUM(B13:P13)-D13 -> 1211 | W13: =B13+C13+E13+F13+G13*2+H13*3+I13*3+J13+K13*6+L13*5+M13+N13*5+O13*5+P13+Q13 -> 1590 | X13: =C13*$C$3+D13*$D$3+E13*$E$3+F13*$F$3+G13*$G$3+H13*$H$3+I13*$I$3+J13*$J$3+K13*$K$3+L13*$L$3+M13*$M$3+N13*$N$3+O13*$O$3+P13*$P$3 -> 164270 | Y13: =B13*99+C13*$C$3+D13*$D$3+E13*$E$3+F13*$F$3+G13*$G$3+H13*$H$3+I13*$I$3+J13*$J$3+K13*$K$3+L13*$L$3+M13*$M$3+N13*$N$3+O13*$O$3+P13*$P$3 -> 185951
A14: 刘涛 | B14: 194 | C14: 8 | D14: 515 | E14: 469 | G14: 49 | J14: 18 | L14: 10 | O14: 67 | Q14: 135 | R14: 42 | S14: 2 | U14: =SUM(C14:P14)-D14 -> 621 | V14: =SUM(B14:P14)-D14 -> 815 | W14: =B14+C14+E14+F14+G14*2+H14*3+I14*3+J14+K14*6+L14*5+M14+N14*5+O14*5+P14+Q14 -> 1307 | X14: =C14*$C$3+D14*$D$3+E14*$E$3+F14*$F$3+G14*$G$3+H14*$H$3+I14*$I$3+J14*$J$3+K14*$K$3+L14*$L$3+M14*$M$3+N14*$N$3+O14*$O$3+P14*$P$3 -> 74156.5 | Y14: =B14*99+C14*$C$3+D14*$D$3+E14*$E$3+F14*$F$3+G14*$G$3+H14*$H$3+I14*$I$3+J14*$J$3+K14*$K$3+L14*$L$3+M14*$M$3+N14*$N$3+O14*$O$3+P14*$P$3 -> 93362.5
A15: 朱凯 | B15: 569 | C15: 3 | D15: 688 | E15: 588 | G15: 99 | H15: 1 | J15: 12 | L15: 18 | Q15: 135 | R15: 43 | S15: 2 | U15: =SUM(C15:P15)-D15 -> 721 | V15: =SUM(B15:P15)-D15 -> 1290 | W15: =B15+C15+E15+F15+G15*2+H15*3+I15*3+J15+K15*6+L15*5+M15+N15*5+O15*5+P15+Q15 -> 1598 | X15: =C15*$C$3+D15*$D$3+E15*$E$3+F15*$F$3+G15*$G$3+H15*$H$3+I15*$I$3+J15*$J$3+K15*$K$3+L15*$L$3+M15*$M$3+N15*$N$3+O15*$O$3+P15*$P$3 -> 90092 | Y15: =B15*99+C15*$C$3+D15*$D$3+E15*$E$3+F15*$F$3+G15*$G$3+H15*$H$3+I15*$I$3+J15*$J$3+K15*$K$3+L15*$L$3+M15*$M$3+N15*$N$3+O15*$O$3+P15*$P$3 -> 146423
A16: 李晓莹 | B16: 525 | C16: 92 | D16: 795 | E16: 560 | G16: 194 | J16: 6 | L16: 16 | R16: 4 | S16: 2 | U16: =SUM(C16:P16)-D16 -> 868 | V16: =SUM(B16:P16)-D16 -> 1393 | W16: =B16+C16+E16+F16+G16*2+H16*3+I16*3+J16+K16*6+L16*5+M16+N16*5+O16*5+P16+Q16 -> 1651 | X16: =C16*$C$3+D16*$D$3+E16*$E$3+F16*$F$3+G16*$G$3+H16*$H$3+I16*$I$3+J16*$J$3+K16*$K$3+L16*$L$3+M16*$M$3+N16*$N$3+O16*$O$3+P16*$P$3 -> 124030.5 | Y16: =B16*99+C16*$C$3+D16*$D$3+E16*$E$3+F16*$F$3+G16*$G$3+H16*$H$3+I16*$I$3+J16*$J$3+K16*$K$3+L16*$L$3+M16*$M$3+N16*$N$3+O16*$O$3+P16*$P$3 -> 176005.5
A17: 孟凡伟 | B17: 245 | C17: 7 | D17: 502 | E17: 476 | F17: 3 | G17: 45 | H17: 1 | J17: 25 | L17: 16 | O17: 1 | R17: 7 | S17: 2 | U17: =SUM(C17:P17)-D17 -> 574 | V17: =SUM(B17:P17)-D17 -> 819 | W17: =B17+C17+E17+F17+G17*2+H17*3+I17*3+J17+K17*6+L17*5+M17+N17*5+O17*5+P17+Q17 -> 934 | X17: =C17*$C$3+D17*$D$3+E17*$E$3+F17*$F$3+G17*$G$3+H17*$H$3+I17*$I$3+J17*$J$3+K17*$K$3+L17*$L$3+M17*$M$3+N17*$N$3+O17*$O$3+P17*$P$3 -> 65210 | Y17: =B17*99+C17*$C$3+D17*$D$3+E17*$E$3+F17*$F$3+G17*$G$3+H17*$H$3+I17*$I$3+J17*$J$3+K17*$K$3+L17*$L$3+M17*$M$3+N17*$N$3+O17*$O$3+P17*$P$3 -> 89465
A18: 王桐 | B18: 299 | C18: 66 | D18: 421 | E18: 291 | G18: 75 | J18: 1 | L18: 14 | R18: 2 | S18: 3 | U18: =SUM(C18:P18)-D18 -> 447 | V18: =SUM(B18:P18)-D18 -> 746 | W18: =B18+C18+E18+F18+G18*2+H18*3+I18*3+J18+K18*6+L18*5+M18+N18*5+O18*5+P18+Q18 -> 877 | X18: =C18*$C$3+D18*$D$3+E18*$E$3+F18*$F$3+G18*$G$3+H18*$H$3+I18*$I$3+J18*$J$3+K18*$K$3+L18*$L$3+M18*$M$3+N18*$N$3+O18*$O$3+P18*$P$3 -> 60153.5 | Y18: =B18*99+C18*$C$3+D18*$D$3+E18*$E$3+F18*$F$3+G18*$G$3+H18*$H$3+I18*$I$3+J18*$J$3+K18*$K$3+L18*$L$3+M18*$M$3+N18*$N$3+O18*$O$3+P18*$P$3 -> 89754.5
A19: 程日 | B19: 217 | C19: 4 | D19: 645 | E19: 573 | G19: 65 | J19: 23 | L19: 13 | R19: 2 | S19: 2 | U19: =SUM(C19:P19)-D19 -> 678 | V19: =SUM(B19:P19)-D19 -> 895 | W19: =B19+C19+E19+F19+G19*2+H19*3+I19*3+J19+K19*6+L19*5+M19+N19*5+O19*5+P19+Q19 -> 1012 | X19: =C19*$C$3+D19*$D$3+E19*$E$3+F19*$F$3+G19*$G$3+H19*$H$3+I19*$I$3+J19*$J$3+K19*$K$3+L19*$L$3+M19*$M$3+N19*$N$3+O19*$O$3+P19*$P$3 -> 79656.5 | Y19: =B19*99+C19*$C$3+D19*$D$3+E19*$E$3+F19*$F$3+G19*$G$3+H19*$H$3+I19*$I$3+J19*$J$3+K19*$K$3+L19*$L$3+M19*$M$3+N19*$N$3+O19*$O$3+P19*$P$3 -> 101139.5
A20: 洪森 | B20: 145 | C20: 9 | D20: 678 | E20: 617 | G20: 59 | J20: 21 | L20: 36 | R20: 8 | S20: 2 | U20: =SUM(C20:P20)-D20 -> 742 | V20: =SUM(B20:P20)-D20 -> 887 | W20: =B20+C20+E20+F20+G20*2+H20*3+I20*3+J20+K20*6+L20*5+M20+N20*5+O20*5+P20+Q20 -> 1090 | X20: =C20*$C$3+D20*$D$3+E20*$E$3+F20*$F$3+G20*$G$3+H20*$H$3+I20*$I$3+J20*$J$3+K20*$K$3+L20*$L$3+M20*$M$3+N20*$N$3+O20*$O$3+P20*$P$3 -> 83919 | Y20: =B20*99+C20*$C$3+D20*$D$3+E20*$E$3+F20*$F$3+G20*$G$3+H20*$H$3+I20*$I$3+J20*$J$3+K20*$K$3+L20*$L$3+M20*$M$3+N20*$N$3+O20*$O$3+P20*$P$3 -> 98274
A21: 马延梁 | B21: 414 | C21: 6 | D21: 652 | E21: 602 | G21: 44 | J21: 19 | L21: 12 | R21: 4 | S21: 1 | U21: =SUM(C21:P21)-D21 -> 683 | V21: =SUM(B21:P21)-D21 -> 1097 | W21: =B21+C21+E21+F21+G21*2+H21*3+I21*3+J21+K21*6+L21*5+M21+N21*5+O21*5+P21+Q21 -> 1189 | X21: =C21*$C$3+D21*$D$3+E21*$E$3+F21*$F$3+G21*$G$3+H21*$H$3+I21*$I$3+J21*$J$3+K21*$K$3+L21*$L$3+M21*$M$3+N21*$N$3+O21*$O$3+P21*$P$3 -> 77033 | Y21: =B21*99+C21*$C$3+D21*$D$3+E21*$E$3+F21*$F$3+G21*$G$3+H21*$H$3+I21*$I$3+J21*$J$3+K21*$K$3+L21*$L$3+M21*$M$3+N21*$N$3+O21*$O$3+P21*$P$3 -> 118019
A22: 史嘉琳 | B22: 124 | C22: 117 | D22: 656 | E22: 366 | F22: 1 | G22: 176 | J22: 9 | M22: 1 | R22: 6 | U22: =SUM(C22:P22)-D22 -> 670 | V22: =SUM(B22:P22)-D22 -> 794 | W22: =B22+C22+E22+F22+G22*2+H22*3+I22*3+J22+K22*6+L22*5+M22+N22*5+O22*5+P22+Q22 -> 970 | X22: =C22*$C$3+D22*$D$3+E22*$E$3+F22*$F$3+G22*$G$3+H22*$H$3+I22*$I$3+J22*$J$3+K22*$K$3+L22*$L$3+M22*$M$3+N22*$N$3+O22*$O$3+P22*$P$3 -> 102327.5 | Y22: =B22*99+C22*$C$3+D22*$D$3+E22*$E$3+F22*$F$3+G22*$G$3+H22*$H$3+I22*$I$3+J22*$J$3+K22*$K$3+L22*$L$3+M22*$M$3+N22*$N$3+O22*$O$3+P22*$P$3 -> 114603.5
A23: 孙承飞 | B23: 576 | C23: 12 | D23: 799 | E23: 737 | G23: 85 | J23: 23 | L23: 18 | R23: 8 | S23: 4 | U23: =SUM(C23:P23)-D23 -> 875 | V23: =SUM(B23:P23)-D23 -> 1451 | W23: =B23+C23+E23+F23+G23*2+H23*3+I23*3+J23+K23*6+L23*5+M23+N23*5+O23*5+P23+Q23 -> 1608 | X23: =C23*$C$3+D23*$D$3+E23*$E$3+F23*$F$3+G23*$G$3+H23*$H$3+I23*$I$3+J23*$J$3+K23*$K$3+L23*$L$3+M23*$M$3+N23*$N$3+O23*$O$3+P23*$P$3 -> 103240.5 | Y23: =B23*99+C23*$C$3+D23*$D$3+E23*$E$3+F23*$F$3+G23*$G$3+H23*$H$3+I23*$I$3+J23*$J$3+K23*$K$3+L23*$L$3+M23*$M$3+N23*$N$3+O23*$O$3+P23*$P$3 -> 160264.5
A24: 赵希平 | B24: 57 | C24: 4 | D24: 851 | E24: 768 | G24: 88 | J24: 12 | L24: 21 | M24: 1 | R24: 4 | S24: 3 | U24: =SUM(C24:P24)-D24 -> 894 | V24: =SUM(B24:P24)-D24 -> 951 | W24: =B24+C24+E24+F24+G24*2+H24*3+I24*3+J24+K24*6+L24*5+M24+N24*5+O24*5+P24+Q24 -> 1123 | X24: =C24*$C$3+D24*$D$3+E24*$E$3+F24*$F$3+G24*$G$3+H24*$H$3+I24*$I$3+J24*$J$3+K24*$K$3+L24*$L$3+M24*$M$3+N24*$N$3+O24*$O$3+P24*$P$3 -> 105853 | Y24: =B24*99+C24*$C$3+D24*$D$3+E24*$E$3+F24*$F$3+G24*$G$3+H24*$H$3+I24*$I$3+J24*$J$3+K24*$K$3+L24*$L$3+M24*$M$3+N24*$N$3+O24*$O$3+P24*$P$3 -> 111496
A25: 李嘉鹏 | U25: =SUM(C25:P25)-D25 -> 0 | V25: =SUM(B25:P25)-D25 -> 0 | W25: =B25+C25+E25+F25+G25*2+H25*3+I25*3+J25+K25*6+L25*5+M25+N25*5+O25*5+P25+Q25 -> 0 | X25: =C25*$C$3+D25*$D$3+E25*$E$3+F25*$F$3+G25*$G$3+H25*$H$3+I25*$I$3+J25*$J$3+K25*$K$3+L25*$L$3+M25*$M$3+N25*$N$3+O25*$O$3+P25*$P$3 -> 0 | Y25: =B25*99+C25*$C$3+D25*$D$3+E25*$E$3+F25*$F$3+G25*$G$3+H25*$H$3+I25*$I$3+J25*$J$3+K25*$K$3+L25*$L$3+M25*$M$3+N25*$N$3+O25*$O$3+P25*$P$3 -> 0
A26: 姚静雯 | U26: =SUM(C26:P26)-D26 -> 0 | V26: =SUM(B26:P26)-D26 -> 0 | W26: =B26+C26+E26+F26+G26*2+H26*3+I26*3+J26+K26*6+L26*5+M26+N26*5+O26*5+P26+Q26 -> 0 | X26: =C26*$C$3+D26*$D$3+E26*$E$3+F26*$F$3+G26*$G$3+H26*$H$3+I26*$I$3+J26*$J$3+K26*$K$3+L26*$L$3+M26*$M$3+N26*$N$3+O26*$O$3+P26*$P$3 -> 0 | Y26: =B26*99+C26*$C$3+D26*$D$3+E26*$E$3+F26*$F$3+G26*$G$3+H26*$H$3+I26*$I$3+J26*$J$3+K26*$K$3+L26*$L$3+M26*$M$3+N26*$N$3+O26*$O$3+P26*$P$3 -> 0
A27: 李楠 | U27: =SUM(C27:P27)-D27 -> 0 | V27: =SUM(B27:P27)-D27 -> 0 | W27: =B27+C27+E27+F27+G27*2+H27*3+I27*3+J27+K27*6+L27*5+M27+N27*5+O27*5+P27+Q27 -> 0 | X27: =C27*$C$3+D27*$D$3+E27*$E$3+F27*$F$3+G27*$G$3+H27*$H$3+I27*$I$3+J27*$J$3+K27*$K$3+L27*$L$3+M27*$M$3+N27*$N$3+O27*$O$3+P27*$P$3 -> 0 | Y27: =B27*99+C27*$C$3+D27*$D$3+E27*$E$3+F27*$F$3+G27*$G$3+H27*$H$3+I27*$I$3+J27*$J$3+K27*$K$3+L27*$L$3+M27*$M$3+N27*$N$3+O27*$O$3+P27*$P$3 -> 0
A28: 王雪彤 | C28: 7 | D28: 30 | E28: 16 | G28: 6 | J28: 3 | U28: =SUM(C28:P28)-D28 -> 32 | V28: =SUM(B28:P28)-D28 -> 32 | W28: =B28+C28+E28+F28+G28*2+H28*3+I28*3+J28+K28*6+L28*5+M28+N28*5+O28*5+P28+Q28 -> 38 | X28: =C28*$C$3+D28*$D$3+E28*$E$3+F28*$F$3+G28*$G$3+H28*$H$3+I28*$I$3+J28*$J$3+K28*$K$3+L28*$L$3+M28*$M$3+N28*$N$3+O28*$O$3+P28*$P$3 -> 4422 | Y28: =B28*99+C28*$C$3+D28*$D$3+E28*$E$3+F28*$F$3+G28*$G$3+H28*$H$3+I28*$I$3+J28*$J$3+K28*$K$3+L28*$L$3+M28*$M$3+N28*$N$3+O28*$O$3+P28*$P$3 -> 4422
A29: 刘海燕 | U29: =SUM(C29:P29)-D29 -> 0 | V29: =SUM(B29:P29)-D29 -> 0 | W29: 0 | X29: =C29*$C$3+D29*$D$3+E29*$E$3+F29*$F$3+G29*$G$3+H29*$H$3+I29*$I$3+J29*$J$3+K29*$K$3+L29*$L$3+M29*$M$3+N29*$N$3+O29*$O$3+P29*$P$3 -> 0 | Y29: =B29*99+C29*$C$3+D29*$D$3+E29*$E$3+F29*$F$3+G29*$G$3+H29*$H$3+I29*$I$3+J29*$J$3+K29*$K$3+L29*$L$3+M29*$M$3+N29*$N$3+O29*$O$3+P29*$P$3 -> 0
U30: =SUM(B30:Q30) -> 0 | V30: =SUM(B30:P30)-D30 -> 0 | W30: =B30+C30+E30+F30+G30*2+H30*3+I30*3+J30+K30*6+L30*5+M30+N30*5+O30*5+P30+Q30 -> 0 | X30: =C30*$C$3+D30*$D$3+E30*$E$3+F30*$F$3+G30*$G$3+H30*$H$3+I30*$I$3+J30*$J$3+K30*$K$3+L30*$L$3+M30*$M$3+N30*$N$3+O30*$O$3+P30*$P$3 -> 0 | Y30: =B30*99+C30*$C$3+D30*$D$3+E30*$E$3+F30*$F$3+G30*$G$3+H30*$H$3+I30*$I$3+J30*$J$3+K30*$K$3+L30*$L$3+M30*$M$3+N30*$N$3+O30*$O$3+P30*$P$3 -> 0
A31: 工作量合计 | B31: =SUM(B4:B30) -> 5534 | C31: =SUM(C4:C30) -> 1004 | D31: =SUM(D4:D30) -> 13686 | E31: =SUM(E4:E30) -> 10575 | F31: =SUM(F4:F30) -> 7 | G31: =SUM(G4:G30) -> 2333 | H31: =SUM(H4:H30) -> 51 | I31: =SUM(I4:I30) -> 19 | ... U31: =SUM(U4:U30) -> 14613 | V31: =SUM(B31:P31)-D31 -> 20147 | W31: =SUM(W4:W30) -> 24648 | X31: =SUM(X4:X30) -> 1930448 | Y31: =B31*99+C31*$C$3+D31*$D$3+E31*$E$3+F31*$F$3+G31*$G$3+H31*$H$3+I31*$I$3+J31*$J$3+K31*$K$3+L31*$L$3+M31*$M$3+N31*$N$3+O31*$O$3+P31*$P$3 -> 2478314
A32: 收入合计 | B32: =B31*B3 -> 547866 | C32: =C31*C3 -> 132528 | D32: =D31*D3 -> 75273 | E32: =E31*E3 -> 1046925 | F32: =F31*F3 -> 385 | G32: =G31*G3 -> 615912 | H32: =H31*H3 -> 15810 | I32: =I31*I3 -> 5434 | ... P32: =P31*P3 -> 0 | U32: - | V32: - | W32: - | X32: =SUM(C32:P32) -> 1930448 | Y32: =SUM(B32:P32) -> 2478314

Sheet 8月
A1: 2022年8月超声工作量
A2: 姓名 | B2: 体检例数 | C2: 腔内超声检查 | D2: 图文报告 | E2: 超声检查正常(包括双胎) | F2: 双胎加收 | G2: 脏器灰阶立体成象*2 | H2: 超声检查(胎儿系统) *3 | I2: 胎儿心脏超声 *3 | J2: 残余尿测定 | K2: 床旁彩超 *6 | L2: 床旁彩超加收 *5 | M2: B超常规检 | N2: 脏器声学造影 *5 | O2: 临床操作超声引导*5 | P2: 弹性成像 | Q2: 误时工作量例数 | R2: 疑难病例会诊例数 | S2: 夜班例数 | T2: 扣罚金额 | U2: 门住工作量合计 | V2: 门住体工作量合计 | W2: 绩效工作量 | X2: 门住收入合计 | Y2: 门住体总收入合计
B3: 99 | C3: 132 | D3: 5.5 | E3: 99 | F3: 55 | G3: 264 | H3: 310 | I3: 286 | J3: 55 | K3: 132 | L3: 33 | M3: 27.5 | N3: 143 | O3: 143 | P3: 55 | R3: 20 | S3: 50 | T3: 50-500
A4: 信吉伟 | B4: 235 | C4: 38 | D4: 558 | E4: 433 | F4: 1 | G4: 172 | H4: 21 | I4: 6 | J4: 1 | L4: 0 | M4: 0 | N4: 14 | O4: 15 | U4: =SUM(C4:P4)-D4 -> 701 | V4: =SUM(B4:P4)-D4 -> 936 | W4: =B4+C4+E4+F4+G4*2+H4*3+I4*3+J4+K4*6+L4*5+M4+N4*5+O4*5+P4+Q4 -> 1278 | X4: =C4*$C$3+D4*$D$3+E4*$E$3+F4*$F$3+G4*$G$3+H4*$H$3+I4*$I$3+J4*$J$3+K4*$K$3+L4*$L$3+M4*$M$3+N4*$N$3+O4*$O$3+P4*$P$3 -> 108843 | Y4: =B4*99+C4*$C$3+D4*$D$3+E4*$E$3+F4*$F$3+G4*$G$3+H4*$H$3+I4*$I$3+J4*$J$3+K4*$K$3+L4*$L$3+M4*$M$3+N4*$N$3+O4*$O$3+P4*$P$3 -> 132108
A5: 刘思阳 | B5: 546 | D5: 784 | E5: 730 | G5: 63 | J5: 32 | U5: =SUM(C5:P5)-D5 -> 825 | V5: =SUM(B5:P5)-D5 -> 1371 | W5: =B5+C5+E5+F5+G5*2+H5*3+I5*3+J5+K5*6+L5*5+M5+N5*5+O5*5+P5+Q5 -> 1434 | X5: =C5*$C$3+D5*$D$3+E5*$E$3+F5*$F$3+G5*$G$3+H5*$H$3+I5*$I$3+J5*$J$3+K5*$K$3+L5*$L$3+M5*$M$3+N5*$N$3+O5*$O$3+P5*$P$3 -> 94974 | Y5: =B5*99+C5*$C$3+D5*$D$3+E5*$E$3+F5*$F$3+G5*$G$3+H5*$H$3+I5*$I$3+J5*$J$3+K5*$K$3+L5*$L$3+M5*$M$3+N5*$N$3+O5*$O$3+P5*$P$3 -> 149028
A6: 邢卫军 | B6: 230 | C6: 134 | D6: 831 | E6: 495 | G6: 218 | J6: 3 | U6: =SUM(C6:P6)-D6 -> 850 | V6: =SUM(B6:P6)-D6 -> 1080 | W6: =B6+C6+E6+F6+G6*2+H6*3+I6*3+J6+K6*6+L6*5+M6+N6*5+O6*5+P6+Q6 -> 1298 | X6: =C6*$C$3+D6*$D$3+E6*$E$3+F6*$F$3+G6*$G$3+H6*$H$3+I6*$I$3+J6*$J$3+K6*$K$3+L6*$L$3+M6*$M$3+N6*$N$3+O6*$O$3+P6*$P$3 -> 128980.5 | Y6: =B6*99+C6*$C$3+D6*$D$3+E6*$E$3+F6*$F$3+G6*$G$3+H6*$H$3+I6*$I$3+J6*$J$3+K6*$K$3+L6*$L$3+M6*$M$3+N6*$N$3+O6*$O$3+P6*$P$3 -> 151750.5
A7: 姜纯莲 | B7: 446 | C7: 182 | D7: 1087 | E7: 651 | G7: 253 | J7: 10 | U7: =SUM(C7:P7)-D7 -> 1096 | V7: =SUM(B7:P7)-D7 -> 1542 | W7: =B7+C7+E7+F7+G7*2+H7*3+I7*3+J7+K7*6+L7*5+M7+N7*5+O7*5+P7+Q7 -> 1795 | X7: =C7*$C$3+D7*$D$3+E7*$E$3+F7*$F$3+G7*$G$3+H7*$H$3+I7*$I$3+J7*$J$3+K7*$K$3+L7*$L$3+M7*$M$3+N7*$N$3+O7*$O$3+P7*$P$3 -> 161793.5 | Y7: =B7*99+C7*$C$3+D7*$D$3+E7*$E$3+F7*$F$3+G7*$G$3+H7*$H$3+I7*$I$3+J7*$J$3+K7*$K$3+L7*$L$3+M7*$M$3+N7*$N$3+O7*$O$3+P7*$P$3 -> 205947.5
A8: 王漠璇 | B8: 418 | C8: 280 | D8: 1449 | E8: 772 | F8: 0 | G8: 440 | H8: 0 | I8: 0 | J8: 9 | U8: =SUM(C8:P8)-D8 -> 1501 | V8: =SUM(B8:P8)-D8 -> 1919 | W8: =B8+C8+E8+F8+G8*2+H8*3+I8*3+J8+K8*6+L8*5+M8+N8*5+O8*5+P8+Q8 -> 2359 | X8: =C8*$C$3+D8*$D$3+E8*$E$3+F8*$F$3+G8*$G$3+H8*$H$3+I8*$I$3+J8*$J$3+K8*$K$3+L8*$L$3+M8*$M$3+N8*$N$3+O8*$O$3+P8*$P$3 -> 238012.5 | Y8: =B8*99+C8*$C$3+D8*$D$3+E8*$E$3+F8*$F$3+G8*$G$3+H8*$H$3+I8*$I$3+J8*$J$3+K8*$K$3+L8*$L$3+M8*$M$3+N8*$N$3+O8*$O$3+P8*$P$3 -> 279394.5
A9: 汪亚新 | B9: 167 | D9: 526 | E9: 474 | G9: 48 | J9: 10 | U9: =SUM(C9:P9)-D9 -> 532 | V9: =SUM(B9:P9)-D9 -> 699 | W9: =B9+C9+E9+F9+G9*2+H9*3+I9*3+J9+K9*6+L9*5+M9+N9*5+O9*5+P9+Q9 -> 747 | X9: =C9*$C$3+D9*$D$3+E9*$E$3+F9*$F$3+G9*$G$3+H9*$H$3+I9*$I$3+J9*$J$3+K9*$K$3+L9*$L$3+M9*$M$3+N9*$N$3+O9*$O$3+P9*$P$3 -> 63041 | Y9: =B9*99+C9*$C$3+D9*$D$3+E9*$E$3+F9*$F$3+G9*$G$3+H9*$H$3+I9*$I$3+J9*$J$3+K9*$K$3+L9*$L$3+M9*$M$3+N9*$N$3+O9*$O$3+P9*$P$3 -> 79574
A10: 李双生 | B10: 328 | C10: 2 | D10: 552 | E10: 518 | F10: 0 | G10: 59 | H10: 0 | I10: 0 | J10: 12 | L10: 47 | U10: =SUM(C10:P10)-D10 -> 638 | V10: =SUM(B10:P10)-D10 -> 966 | W10: =B10+C10+E10+F10+G10*2+H10*3+I10*3+J10+K10*6+L10*5+M10+N10*5+O10*5+P10+Q10 -> 1213 | X10: =C10*$C$3+D10*$D$3+E10*$E$3+F10*$F$3+G10*$G$3+H10*$H$3+I10*$I$3+J10*$J$3+K10*$K$3+L10*$L$3+M10*$M$3+N10*$N$3+O10*$O$3+P10*$P$3 -> 72369 | Y10: =B10*99+C10*$C$3+D10*$D$3+E10*$E$3+F10*$F$3+G10*$G$3+H10*$H$3+I10*$I$3+J10*$J$3+K10*$K$3+L10*$L$3+M10*$M$3+N10*$N$3+O10*$O$3+P10*$P$3 -> 104841
A11: 董宝玲 | B11: 183 | C11: 7 | D11: 148 | E11: 107 | G11: 32 | J11: 2 | L11: 4 | U11: =SUM(C11:P11)-D11 -> 152 | V11: =SUM(B11:P11)-D11 -> 335 | W11: =B11+C11+E11+F11+G11*2+H11*3+I11*3+J11+K11*6+L11*5+M11+N11*5+O11*5+P11+Q11 -> 383 | X11: =C11*$C$3+D11*$D$3+E11*$E$3+F11*$F$3+G11*$G$3+H11*$H$3+I11*$I$3+J11*$J$3+K11*$K$3+L11*$L$3+M11*$M$3+N11*$N$3+O11*$O$3+P11*$P$3 -> 21021 | Y11: =B11*99+C11*$C$3+D11*$D$3+E11*$E$3+F11*$F$3+G11*$G$3+H11*$H$3+I11*$I$3+J11*$J$3+K11*$K$3+L11*$L$3+M11*$M$3+N11*$N$3+O11*$O$3+P11*$P$3 -> 39138
A12: 周晓丽 | B12: 119 | C12: 18 | D12: 408 | E12: 316 | F12: 0 | G12: 73 | H12: 3 | I12: 9 | J12: 0 | L12: 7 | U12: =SUM(C12:P12)-D12 -> 426 | V12: =SUM(B12:P12)-D12 -> 545 | W12: =B12+C12+E12+F12+G12*2+H12*3+I12*3+J12+K12*6+L12*5+M12+N12*5+O12*5+P12+Q12 -> 670 | X12: =C12*$C$3+D12*$D$3+E12*$E$3+F12*$F$3+G12*$G$3+H12*$H$3+I12*$I$3+J12*$J$3+K12*$K$3+L12*$L$3+M12*$M$3+N12*$N$3+O12*$O$3+P12*$P$3 -> 58911 | Y12: =B12*99+C12*$C$3+D12*$D$3+E12*$E$3+F12*$F$3+G12*$G$3+H12*$H$3+I12*$I$3+J12*$J$3+K12*$K$3+L12*$L$3+M12*$M$3+N12*$N$3+O12*$O$3+P12*$P$3 -> 70692
A13: 刘炜 | B13: 401 | C13: 128 | D13: 838 | E13: 480 | F13: 2 | G13: 202 | H13: 17 | I13: 17 | J13: 8 | L13: 0 | M13: 0 | N13: 3 | U13: =SUM(C13:P13)-D13 -> 857 | V13: =SUM(B13:P13)-D13 -> 1258 | W13: =B13+C13+E13+F13+G13*2+H13*3+I13*3+J13+K13*6+L13*5+M13+N13*5+O13*5+P13+Q13 -> 1540 | X13: =C13*$C$3+D13*$D$3+E13*$E$3+F13*$F$3+G13*$G$3+H13*$H$3+I13*$I$3+J13*$J$3+K13*$K$3+L13*$L$3+M13*$M$3+N13*$N$3+O13*$O$3+P13*$P$3 -> 133464 | Y13: =B13*99+C13*$C$3+D13*$D$3+E13*$E$3+F13*$F$3+G13*$G$3+H13*$H$3+I13*$I$3+J13*$J$3+K13*$K$3+L13*$L$3+M13*$M$3+N13*$N$3+O13*$O$3+P13*$P$3 -> 173163
A14: 刘涛 | B14: 333 | C14: 3 | D14: 581 | E14: 548 | F14: 0 | G14: 29 | H14: 1 | I14: 0 | J14: 22 | L14: 27 | M14: 0 | N14: 0 | O14: 68 | U14: =SUM(C14:P14)-D14 -> 698 | V14: =SUM(B14:P14)-D14 -> 1031 | W14: =B14+C14+E14+F14+G14*2+H14*3+I14*3+J14+K14*6+L14*5+M14+N14*5+O14*5+P14+Q14 -> 1442 | X14: =C14*$C$3+D14*$D$3+E14*$E$3+F14*$F$3+G14*$G$3+H14*$H$3+I14*$I$3+J14*$J$3+K14*$K$3+L14*$L$3+M14*$M$3+N14*$N$3+O14*$O$3+P14*$P$3 -> 77634.5 | Y14: =B14*99+C14*$C$3+D14*$D$3+E14*$E$3+F14*$F$3+G14*$G$3+H14*$H$3+I14*$I$3+J14*$J$3+K14*$K$3+L14*$L$3+M14*$M$3+N14*$N$3+O14*$O$3+P14*$P$3 -> 110601.5
A15: 朱凯 | B15: 420 | C15: 9 | D15: 651 | E15: 565 | F15: 0 | G15: 58 | H15: 0 | I15: 0 | J15: 6 | L15: 18 | U15: =SUM(C15:P15)-D15 -> 656 | V15: =SUM(B15:P15)-D15 -> 1076 | W15: =B15+C15+E15+F15+G15*2+H15*3+I15*3+J15+K15*6+L15*5+M15+N15*5+O15*5+P15+Q15 -> 1206 | X15: =C15*$C$3+D15*$D$3+E15*$E$3+F15*$F$3+G15*$G$3+H15*$H$3+I15*$I$3+J15*$J$3+K15*$K$3+L15*$L$3+M15*$M$3+N15*$N$3+O15*$O$3+P15*$P$3 -> 76939.5 | Y15: =B15*99+C15*$C$3+D15*$D$3+E15*$E$3+F15*$F$3+G15*$G$3+H15*$H$3+I15*$I$3+J15*$J$3+K15*$K$3+L15*$L$3+M15*$M$3+N15*$N$3+O15*$O$3+P15*$P$3 -> 118519.5
A16: 李晓莹 | B16: 180 | C16: 91 | D16: 850 | E16: 613 | G16: 192 | H16: 1 | J16: 12 | L16: 10 | U16: =SUM(C16:P16)-D16 -> 919 | V16: =SUM(B16:P16)-D16 -> 1099 | W16: =B16+C16+E16+F16+G16*2+H16*3+I16*3+J16+K16*6+L16*5+M16+N16*5+O16*5+P16+Q16 -> 1333 | X16: =C16*$C$3+D16*$D$3+E16*$E$3+F16*$F$3+G16*$G$3+H16*$H$3+I16*$I$3+J16*$J$3+K16*$K$3+L16*$L$3+M16*$M$3+N16*$N$3+O16*$O$3+P16*$P$3 -> 129362 | Y16: =B16*99+C16*$C$3+D16*$D$3+E16*$E$3+F16*$F$3+G16*$G$3+H16*$H$3+I16*$I$3+J16*$J$3+K16*$K$3+L16*$L$3+M16*$M$3+N16*$N$3+O16*$O$3+P16*$P$3 -> 147182
A17: 孟凡伟 | B17: 184 | C17: 13 | D17: 763 | E17: 645 | F17: 0 | G17: 113 | H17: 0 | I17: 0 | J17: 19 | L17: 25 | U17: =SUM(C17:P17)-D17 -> 815 | V17: =SUM(B17:P17)-D17 -> 999 | W17: =B17+C17+E17+F17+G17*2+H17*3+I17*3+J17+K17*6+L17*5+M17+N17*5+O17*5+P17+Q17 -> 1212 | X17: =C17*$C$3+D17*$D$3+E17*$E$3+F17*$F$3+G17*$G$3+H17*$H$3+I17*$I$3+J17*$J$3+K17*$K$3+L17*$L$3+M17*$M$3+N17*$N$3+O17*$O$3+P17*$P$3 -> 101469.5 | Y17: =B17*99+C17*$C$3+D17*$D$3+E17*$E$3+F17*$F$3+G17*$G$3+H17*$H$3+I17*$I$3+J17*$J$3+K17*$K$3+L17*$L$3+M17*$M$3+N17*$N$3+O17*$O$3+P17*$P$3 -> 119685.5
A18: 王桐 | B18: 269 | C18: 44 | D18: 411 | E18: 289 | F18: 0 | G18: 90 | H18: 0 | I18: 0 | J18: 1 | L18: 14 | M18: 0 | U18: =SUM(C18:P18)-D18 -> 438 | V18: =SUM(B18:P18)-D18 -> 707 | W18: =B18+C18+E18+F18+G18*2+H18*3+I18*3+J18+K18*6+L18*5+M18+N18*5+O18*5+P18+Q18 -> 853 | X18: =C18*$C$3+D18*$D$3+E18*$E$3+F18*$F$3+G18*$G$3+H18*$H$3+I18*$I$3+J18*$J$3+K18*$K$3+L18*$L$3+M18*$M$3+N18*$N$3+O18*$O$3+P18*$P$3 -> 60956.5 | Y18: =B18*99+C18*$C$3+D18*$D$3+E18*$E$3+F18*$F$3+G18*$G$3+H18*$H$3+I18*$I$3+J18*$J$3+K18*$K$3+L18*$L$3+M18*$M$3+N18*$N$3+O18*$O$3+P18*$P$3 -> 87587.5
A19: 程日 | B19: 374 | C19: 18 | D19: 722 | E19: 648 | F19: 2 | G19: 58 | H19: 0 | I19: 0 | J19: 21 | L19: 5 | U19: =SUM(C19:P19)-D19 -> 752 | V19: =SUM(B19:P19)-D19 -> 1126 | W19: =B19+C19+E19+F19+G19*2+H19*3+I19*3+J19+K19*6+L19*5+M19+N19*5+O19*5+P19+Q19 -> 1204 | X19: =C19*$C$3+D19*$D$3+E19*$E$3+F19*$F$3+G19*$G$3+H19*$H$3+I19*$I$3+J19*$J$3+K19*$K$3+L19*$L$3+M19*$M$3+N19*$N$3+O19*$O$3+P19*$P$3 -> 87241 | Y19: =B19*99+C19*$C$3+D19*$D$3+E19*$E$3+F19*$F$3+G19*$G$3+H19*$H$3+I19*$I$3+J19*$J$3+K19*$K$3+L19*$L$3+M19*$M$3+N19*$N$3+O19*$O$3+P19*$P$3 -> 124267
A20: 洪森 | B20: 474 | C20: 6 | D20: 773 | E20: 679 | F20: 0 | G20: 101 | H20: 0 | I20: 0 | J20: 18 | L20: 22 | U20: =SUM(C20:P20)-D20 -> 826 | V20: =SUM(B20:P20)-D20 -> 1300 | W20: =B20+C20+E20+F20+G20*2+H20*3+I20*3+J20+K20*6+L20*5+M20+N20*5+O20*5+P20+Q20 -> 1489 | X20: =C20*$C$3+D20*$D$3+E20*$E$3+F20*$F$3+G20*$G$3+H20*$H$3+I20*$I$3+J20*$J$3+K20*$K$3+L20*$L$3+M20*$M$3+N20*$N$3+O20*$O$3+P20*$P$3 -> 100644.5 | Y20: =B20*99+C20*$C$3+D20*$D$3+E20*$E$3+F20*$F$3+G20*$G$3+H20*$H$3+I20*$I$3+J20*$J$3+K20*$K$3+L20*$L$3+M20*$M$3+N20*$N$3+O20*$O$3+P20*$P$3 -> 147570.5
A21: 马延梁 | B21: 260 | C21: 1 | D21: 923 | E21: 872 | F21: 0 | G21: 75 | H21: 0 | I21: 0 | J21: 42 | L21: 37 | U21: =SUM(C21:P21)-D21 -> 1027 | V21: =SUM(B21:P21)-D21 -> 1287 | W21: =B21+C21+E21+F21+G21*2+H21*3+I21*3+J21+K21*6+L21*5+M21+N21*5+O21*5+P21+Q21 -> 1510 | X21: =C21*$C$3+D21*$D$3+E21*$E$3+F21*$F$3+G21*$G$3+H21*$H$3+I21*$I$3+J21*$J$3+K21*$K$3+L21*$L$3+M21*$M$3+N21*$N$3+O21*$O$3+P21*$P$3 -> 114867.5 | Y21: =B21*99+C21*$C$3+D21*$D$3+E21*$E$3+F21*$F$3+G21*$G$3+H21*$H$3+I21*$I$3+J21*$J$3+K21*$K$3+L21*$L$3+M21*$M$3+N21*$N$3+O21*$O$3+P21*$P$3 -> 140607.5
A22: 史嘉琳 | U22: =SUM(C22:P22)-D22 -> 0 | V22: =SUM(B22:P22)-D22 -> 0 | W22: =B22+C22+E22+F22+G22*2+H22*3+I22*3+J22+K22*6+L22*5+M22+N22*5+O22*5+P22+Q22 -> 0 | X22: =C22*$C$3+D22*$D$3+E22*$E$3+F22*$F$3+G22*$G$3+H22*$H$3+I22*$I$3+J22*$J$3+K22*$K$3+L22*$L$3+M22*$M$3+N22*$N$3+O22*$O$3+P22*$P$3 -> 0 | Y22: =B22*99+C22*$C$3+D22*$D$3+E22*$E$3+F22*$F$3+G22*$G$3+H22*$H$3+I22*$I$3+J22*$J$3+K22*$K$3+L22*$L$3+M22*$M$3+N22*$N$3+O22*$O$3+P22*$P$3 -> 0
A23: 孙承飞 | B23: 526 | C23: 9 | D23: 573 | E23: 547 | F23: 0 | G23: 46 | H23: 0 | I23: 0 | J23: 18 | L23: 37 | M23: 1 | U23: =SUM(C23:P23)-D23 -> 658 | V23: =SUM(B23:P23)-D23 -> 1184 | W23: =B23+C23+E23+F23+G23*2+H23*3+I23*3+J23+K23*6+L23*5+M23+N23*5+O23*5+P23+Q23 -> 1378 | X23: =C23*$C$3+D23*$D$3+E23*$E$3+F23*$F$3+G23*$G$3+H23*$H$3+I23*$I$3+J23*$J$3+K23*$K$3+L23*$L$3+M23*$M$3+N23*$N$3+O23*$O$3+P23*$P$3 -> 72875 | Y23: =B23*99+C23*$C$3+D23*$D$3+E23*$E$3+F23*$F$3+G23*$G$3+H23*$H$3+I23*$I$3+J23*$J$3+K23*$K$3+L23*$L$3+M23*$M$3+N23*$N$3+O23*$O$3+P23*$P$3 -> 124949
A24: 赵希平 | B24: 430 | C24: 7 | D24: 756 | E24: 710 | F24: 0 | G24: 60 | H24: 0 | I24: 0 | J24: 14 | L24: 32 | U24: =SUM(C24:P24)-D24 -> 823 | V24: =SUM(B24:P24)-D24 -> 1253 | W24: =B24+C24+E24+F24+G24*2+H24*3+I24*3+J24+K24*6+L24*5+M24+N24*5+O24*5+P24+Q24 -> 1441 | X24: =C24*$C$3+D24*$D$3+E24*$E$3+F24*$F$3+G24*$G$3+H24*$H$3+I24*$I$3+J24*$J$3+K24*$K$3+L24*$L$3+M24*$M$3+N24*$N$3+O24*$O$3+P24*$P$3 -> 93038 | Y24: =B24*99+C24*$C$3+D24*$D$3+E24*$E$3+F24*$F$3+G24*$G$3+H24*$H$3+I24*$I$3+J24*$J$3+K24*$K$3+L24*$L$3+M24*$M$3+N24*$N$3+O24*$O$3+P24*$P$3 -> 135608
A25: 李嘉鹏 | U25: =SUM(C25:P25)-D25 -> 0 | V25: =SUM(B25:P25)-D25 -> 0 | W25: =B25+C25+E25+F25+G25*2+H25*3+I25*3+J25+K25*6+L25*5+M25+N25*5+O25*5+P25+Q25 -> 0 | X25: =C25*$C$3+D25*$D$3+E25*$E$3+F25*$F$3+G25*$G$3+H25*$H$3+I25*$I$3+J25*$J$3+K25*$K$3+L25*$L$3+M25*$M$3+N25*$N$3+O25*$O$3+P25*$P$3 -> 0 | Y25: =B25*99+C25*$C$3+D25*$D$3+E25*$E$3+F25*$F$3+G25*$G$3+H25*$H$3+I25*$I$3+J25*$J$3+K25*$K$3+L25*$L$3+M25*$M$3+N25*$N$3+O25*$O$3+P25*$P$3 -> 0
A26: 姚静雯 | U26: =SUM(C26:P26)-D26 -> 0 | V26: =SUM(B26:P26)-D26 -> 0 | W26: =B26+C26+E26+F26+G26*2+H26*3+I26*3+J26+K26*6+L26*5+M26+N26*5+O26*5+P26+Q26 -> 0 | X26: =C26*$C$3+D26*$D$3+E26*$E$3+F26*$F$3+G26*$G$3+H26*$H$3+I26*$I$3+J26*$J$3+K26*$K$3+L26*$L$3+M26*$M$3+N26*$N$3+O26*$O$3+P26*$P$3 -> 0 | Y26: =B26*99+C26*$C$3+D26*$D$3+E26*$E$3+F26*$F$3+G26*$G$3+H26*$H$3+I26*$I$3+J26*$J$3+K26*$K$3+L26*$L$3+M26*$M$3+N26*$N$3+O26*$O$3+P26*$P$3 -> 0
A27: 李楠 | U27: =SUM(C27:P27)-D27 -> 0 | V27: =SUM(B27:P27)-D27 -> 0 | W27: =B27+C27+E27+F27+G27*2+H27*3+I27*3+J27+K27*6+L27*5+M27+N27*5+O27*5+P27+Q27 -> 0 | X27: =C27*$C$3+D27*$D$3+E27*$E$3+F27*$F$3+G27*$G$3+H27*$H$3+I27*$I$3+J27*$J$3+K27*$K$3+L27*$L$3+M27*$M$3+N27*$N$3+O27*$O$3+P27*$P$3 -> 0 | Y27: =B27*99+C27*$C$3+D27*$D$3+E27*$E$3+F27*$F$3+G27*$G$3+H27*$H$3+I27*$I$3+J27*$J$3+K27*$K$3+L27*$L$3+M27*$M$3+N27*$N$3+O27*$O$3+P27*$P$3 -> 0
A28: 王雪彤 | B28: 0 | C28: 7 | D28: 22 | E28: 8 | F28: 0 | G28: 7 | H28: 0 | U28: =SUM(C28:P28)-D28 -> 22 | V28: =SUM(B28:P28)-D28 -> 22 | W28: =B28+C28+E28+F28+G28*2+H28*3+I28*3+J28+K28*6+L28*5+M28+N28*5+O28*5+P28+Q28 -> 29 | X28: =C28*$C$3+D28*$D$3+E28*$E$3+F28*$F$3+G28*$G$3+H28*$H$3+I28*$I$3+J28*$J$3+K28*$K$3+L28*$L$3+M28*$M$3+N28*$N$3+O28*$O$3+P28*$P$3 -> 3685 | Y28: =B28*99+C28*$C$3+D28*$D$3+E28*$E$3+F28*$F$3+G28*$G$3+H28*$H$3+I28*$I$3+J28*$J$3+K28*$K$3+L28*$L$3+M28*$M$3+N28*$N$3+O28*$O$3+P28*$P$3 -> 3685
A29: 刘海燕 | B29: 366 | C29: 87 | D29: 1060 | E29: 699 | F29: 2 | G29: 232 | H29: 0 | I29: 0 | J29: 0 | U29: =SUM(C29:P29)-D29 -> 1020 | V29: =SUM(B29:P29)-D29 -> 1386 | W29: 0 | X29: =C29*$C$3+D29*$D$3+E29*$E$3+F29*$F$3+G29*$G$3+H29*$H$3+I29*$I$3+J29*$J$3+K29*$K$3+L29*$L$3+M29*$M$3+N29*$N$3+O29*$O$3+P29*$P$3 -> 147873 | Y29: =B29*99+C29*$C$3+D29*$D$3+E29*$E$3+F29*$F$3+G29*$G$3+H29*$H$3+I29*$I$3+J29*$J$3+K29*$K$3+L29*$L$3+M29*$M$3+N29*$N$3+O29*$O$3+P29*$P$3 -> 184107
U30: =SUM(B30:Q30) -> 0 | V30: =SUM(B30:P30)-D30 -> 0 | W30: =B30+C30+E30+F30+G30*2+H30*3+I30*3+J30+K30*6+L30*5+M30+N30*5+O30*5+P30+Q30 -> 0 | X30: =C30*$C$3+D30*$D$3+E30*$E$3+F30*$F$3+G30*$G$3+H30*$H$3+I30*$I$3+J30*$J$3+K30*$K$3+L30*$L$3+M30*$M$3+N30*$N$3+O30*$O$3+P30*$P$3 -> 0 | Y30: =B30*99+C30*$C$3+D30*$D$3+E30*$E$3+F30*$F$3+G30*$G$3+H30*$H$3+I30*$I$3+J30*$J$3+K30*$K$3+L30*$L$3+M30*$M$3+N30*$N$3+O30*$O$3+P30*$P$3 -> 0
A31: 工作量合计 | B31: =SUM(B4:B30) -> 6889 | C31: =SUM(C4:C30) -> 1084 | D31: =SUM(D4:D30) -> 15266 | E31: =SUM(E4:E30) -> 11799 | F31: =SUM(F4:F30) -> 7 | G31: =SUM(G4:G30) -> 2621 | H31: =SUM(H4:H30) -> 43 | I31: =SUM(I4:I30) -> 32 | ... U31: =SUM(U4:U30) -> 16232 | V31: =SUM(B31:P31)-D31 -> 23121 | W31: =SUM(W4:W30) -> 25814 | X31: =SUM(X4:X30) -> 2147995.5 | Y31: =B31*99+C31*$C$3+D31*$D$3+E31*$E$3+F31*$F$3+G31*$G$3+H31*$H$3+I31*$I$3+J31*$J$3+K31*$K$3+L31*$L$3+M31*$M$3+N31*$N$3+O31*$O$3+P31*$P$3 -> 2830006.5
A32: 收入合计 | B32: =B31*B3 -> 682011 | C32: =C31*C3 -> 143088 | D32: =D31*D3 -> 83963 | E32: =E31*E3 -> 1168101 | F32: =F31*F3 -> 385 | G32: =G31*G3 -> 691944 | H32: =H31*H3 -> 13330 | I32: =I31*I3 -> 9152 | ... P32: =P31*P3 -> 0 | U32: - | V32: - | W32: - | X32: =SUM(C32:P32) -> 2147995.5 | Y32: =SUM(B32:P32) -> 2830006.5

Sheet 9月
A1: 2022年9月超声工作量
A2: 姓名 | B2: 体检例数 | C2: 腔内超声检查 | D2: 图文报告 | E2: 超声检查正常(包括双胎) | F2: 双胎加收 | G2: 脏器灰阶立体成象*2 | H2: 超声检查(胎儿系统) *3 | I2: 胎儿心脏超声 *3 | J2: 残余尿测定 | K2: 介入操作 *10 | L2: 床旁彩超加收 *5 | M2: B超常规检 | N2: 脏器声学造影 *5 | O2: 临床操作超声引导*5 | P2: 弹性成像 | Q2: 误时工作量例数 | R2: 疑难病例会诊例数 | S2: 夜班例数 | T2: 扣罚金额 | U2: 门住工作量合计 | V2: 门住体工作量合计 | W2: 绩效工作量 | X2: 门住收入合计 | Y2: 门住体总收入合计
B3: 99 | C3: 132 | D3: 5.5 | E3: 99 | F3: 55 | G3: 264 | H3: 310 | I3: 286 | J3: 55 | L3: 33 | M3: 27.5 | N3: 143 | O3: 143 | P3: 55 | R3: 20 | S3: 50 | T3: 50-500
A4: 信吉伟 | B4: 233 | C4: 63 | D4: 702 | E4: 512 | F4: 0 | G4: 233 | H4: 19 | I4: 3 | J4: 2 | K4: 18 | L4: 0 | M4: 0 | N4: 6 | O4: 35 | U4: =SUM(C4:P4)-D4 -> 891 | V4: =SUM(B4:P4)-D4 -> 1124 | W4: =B4+C4+E4+F4+G4*2+H4*3+I4*3+J4+K4*10+L4*5+M4+N4*5+O4*5+P4+Q4 -> 1727 | X4: =C4*$C$3+D4*$D$3+E4*$E$3+F4*$F$3+G4*$G$3+H4*$H$3+I4*$I$3+J4*$J$3+K4*$K$3+L4*$L$3+M4*$M$3+N4*$N$3+O4*$O$3+P4*$P$3 -> 137098 | Y4: =B4*99+C4*$C$3+D4*$D$3+E4*$E$3+F4*$F$3+G4*$G$3+H4*$H$3+I4*$I$3+J4*$J$3+K4*$K$3+L4*$L$3+M4*$M$3+N4*$N$3+O4*$O$3+P4*$P$3 -> 160165
A5: 刘思阳 | B5: 476 | D5: 744 | E5: 645 | G5: 101 | J5: 21 | U5: =SUM(C5:P5)-D5 -> 767 | V5: =SUM(B5:P5)-D5 -> 1243 | W5: =B5+C5+E5+F5+G5*2+H5*3+I5*3+J5+K5*10+L5*5+M5+N5*5+O5*5+P5+Q5 -> 1344 | X5: =C5*$C$3+D5*$D$3+E5*$E$3+F5*$F$3+G5*$G$3+H5*$H$3+I5*$I$3+J5*$J$3+K5*$K$3+L5*$L$3+M5*$M$3+N5*$N$3+O5*$O$3+P5*$P$3 -> 95766 | Y5: =B5*99+C5*$C$3+D5*$D$3+E5*$E$3+F5*$F$3+G5*$G$3+H5*$H$3+I5*$I$3+J5*$J$3+K5*$K$3+L5*$L$3+M5*$M$3+N5*$N$3+O5*$O$3+P5*$P$3 -> 142890
A6: 邢卫军 | B6: 71 | C6: 63 | D6: 357 | E6: 216 | F6: 0 | G6: 79 | H6: 0 | I6: 0 | J6: 4 | U6: =SUM(C6:P6)-D6 -> 362 | V6: =SUM(B6:P6)-D6 -> 433 | W6: =B6+C6+E6+F6+G6*2+H6*3+I6*3+J6+K6*10+L6*5+M6+N6*5+O6*5+P6+Q6 -> 512 | X6: =C6*$C$3+D6*$D$3+E6*$E$3+F6*$F$3+G6*$G$3+H6*$H$3+I6*$I$3+J6*$J$3+K6*$K$3+L6*$L$3+M6*$M$3+N6*$N$3+O6*$O$3+P6*$P$3 -> 52739.5 | Y6: =B6*99+C6*$C$3+D6*$D$3+E6*$E$3+F6*$F$3+G6*$G$3+H6*$H$3+I6*$I$3+J6*$J$3+K6*$K$3+L6*$L$3+M6*$M$3+N6*$N$3+O6*$O$3+P6*$P$3 -> 59768.5
A7: 姜纯莲 | B7: 256 | C7: 187 | D7: 1111 | E7: 642 | G7: 281 | J7: 12 | L7: 2 | U7: =SUM(C7:P7)-D7 -> 1124 | V7: =SUM(B7:P7)-D7 -> 1380 | W7: =B7+C7+E7+F7+G7*2+H7*3+I7*3+J7+K7*10+L7*5+M7+N7*5+O7*5+P7+Q7 -> 1669 | X7: =C7*$C$3+D7*$D$3+E7*$E$3+F7*$F$3+G7*$G$3+H7*$H$3+I7*$I$3+J7*$J$3+K7*$K$3+L7*$L$3+M7*$M$3+N7*$N$3+O7*$O$3+P7*$P$3 -> 169262.5 | Y7: =B7*99+C7*$C$3+D7*$D$3+E7*$E$3+F7*$F$3+G7*$G$3+H7*$H$3+I7*$I$3+J7*$J$3+K7*$K$3+L7*$L$3+M7*$M$3+N7*$N$3+O7*$O$3+P7*$P$3 -> 194606.5
A8: 王漠璇 | B8: 575 | C8: 184 | D8: 1098 | E8: 561 | F8: 0 | G8: 352 | H8: 0 | I8: 0 | J8: 4 | U8: =SUM(C8:P8)-D8 -> 1101 | V8: =SUM(B8:P8)-D8 -> 1676 | W8: =B8+C8+E8+F8+G8*2+H8*3+I8*3+J8+K8*10+L8*5+M8+N8*5+O8*5+P8+Q8 -> 2028 | X8: =C8*$C$3+D8*$D$3+E8*$E$3+F8*$F$3+G8*$G$3+H8*$H$3+I8*$I$3+J8*$J$3+K8*$K$3+L8*$L$3+M8*$M$3+N8*$N$3+O8*$O$3+P8*$P$3 -> 179014 | Y8: =B8*99+C8*$C$3+D8*$D$3+E8*$E$3+F8*$F$3+G8*$G$3+H8*$H$3+I8*$I$3+J8*$J$3+K8*$K$3+L8*$L$3+M8*$M$3+N8*$N$3+O8*$O$3+P8*$P$3 -> 235939
A9: 汪亚新 | B9: 157 | D9: 575 | E9: 489 | G9: 84 | J9: 10 | U9: =SUM(C9:P9)-D9 -> 583 | V9: =SUM(B9:P9)-D9 -> 740 | W9: =B9+C9+E9+F9+G9*2+H9*3+I9*3+J9+K9*10+L9*5+M9+N9*5+O9*5+P9+Q9 -> 824 | X9: =C9*$C$3+D9*$D$3+E9*$E$3+F9*$F$3+G9*$G$3+H9*$H$3+I9*$I$3+J9*$J$3+K9*$K$3+L9*$L$3+M9*$M$3+N9*$N$3+O9*$O$3+P9*$P$3 -> 74299.5 | Y9: =B9*99+C9*$C$3+D9*$D$3+E9*$E$3+F9*$F$3+G9*$G$3+H9*$H$3+I9*$I$3+J9*$J$3+K9*$K$3+L9*$L$3+M9*$M$3+N9*$N$3+O9*$O$3+P9*$P$3 -> 89842.5
A10: 李双生 | B10: 504 | C10: 4 | D10: 745 | E10: 659 | F10: 0 | G10: 97 | H10: 0 | I10: 0 | J10: 19 | L10: 32 | U10: =SUM(C10:P10)-D10 -> 811 | V10: =SUM(B10:P10)-D10 -> 1315 | W10: =B10+C10+E10+F10+G10*2+H10*3+I10*3+J10+K10*10+L10*5+M10+N10*5+O10*5+P10+Q10 -> 1540 | X10: =C10*$C$3+D10*$D$3+E10*$E$3+F10*$F$3+G10*$G$3+H10*$H$3+I10*$I$3+J10*$J$3+K10*$K$3+L10*$L$3+M10*$M$3+N10*$N$3+O10*$O$3+P10*$P$3 -> 97575.5 | Y10: =B10*99+C10*$C$3+D10*$D$3+E10*$E$3+F10*$F$3+G10*$G$3+H10*$H$3+I10*$I$3+J10*$J$3+K10*$K$3+L10*$L$3+M10*$M$3+N10*$N$3+O10*$O$3+P10*$P$3 -> 147471.5
A11: 董宝玲 | U11: =SUM(C11:P11)-D11 -> 0 | V11: =SUM(B11:P11)-D11 -> 0 | W11: =B11+C11+E11+F11+G11*2+H11*3+I11*3+J11+K11*10+L11*5+M11+N11*5+O11*5+P11+Q11 -> 0 | X11: =C11*$C$3+D11*$D$3+E11*$E$3+F11*$F$3+G11*$G$3+H11*$H$3+I11*$I$3+J11*$J$3+K11*$K$3+L11*$L$3+M11*$M$3+N11*$N$3+O11*$O$3+P11*$P$3 -> 0 | Y11: =B11*99+C11*$C$3+D11*$D$3+E11*$E$3+F11*$F$3+G11*$G$3+H11*$H$3+I11*$I$3+J11*$J$3+K11*$K$3+L11*$L$3+M11*$M$3+N11*$N$3+O11*$O$3+P11*$P$3 -> 0
A12: 周晓丽 | B12: 222 | C12: 44 | D12: 319 | E12: 233 | F12: 0 | G12: 63 | H12: 8 | I12: 9 | J12: 2 | L12: 20 | U12: =SUM(C12:P12)-D12 -> 379 | V12: =SUM(B12:P12)-D12 -> 601 | W12: =B12+C12+E12+F12+G12*2+H12*3+I12*3+J12+K12*10+L12*5+M12+N12*5+O12*5+P12+Q12 -> 778 | X12: =C12*$C$3+D12*$D$3+E12*$E$3+F12*$F$3+G12*$G$3+H12*$H$3+I12*$I$3+J12*$J$3+K12*$K$3+L12*$L$3+M12*$M$3+N12*$N$3+O12*$O$3+P12*$P$3 -> 53085.5 | Y12: =B12*99+C12*$C$3+D12*$D$3+E12*$E$3+F12*$F$3+G12*$G$3+H12*$H$3+I12*$I$3+J12*$J$3+K12*$K$3+L12*$L$3+M12*$M$3+N12*$N$3+O12*$O$3+P12*$P$3 -> 75063.5
A13: 刘炜 | B13: 401 | C13: 127 | D13: 868 | E13: 458 | F13: 0 | G13: 252 | H13: 18 | I13: 19 | J13: 3 | L13: 0 | M13: 0 | N13: 7 | U13: =SUM(C13:P13)-D13 -> 884 | V13: =SUM(B13:P13)-D13 -> 1285 | W13: =B13+C13+E13+F13+G13*2+H13*3+I13*3+J13+K13*10+L13*5+M13+N13*5+O13*5+P13+Q13 -> 1639 | X13: =C13*$C$3+D13*$D$3+E13*$E$3+F13*$F$3+G13*$G$3+H13*$H$3+I13*$I$3+J13*$J$3+K13*$K$3+L13*$L$3+M13*$M$3+N13*$N$3+O13*$O$3+P13*$P$3 -> 145588 | Y13: =B13*99+C13*$C$3+D13*$D$3+E13*$E$3+F13*$F$3+G13*$G$3+H13*$H$3+I13*$I$3+J13*$J$3+K13*$K$3+L13*$L$3+M13*$M$3+N13*$N$3+O13*$O$3+P13*$P$3 -> 185287
A14: 刘涛 | B14: 497 | C14: 5 | D14: 535 | E14: 448 | F14: 3 | G14: 74 | H14: 0 | I14: 0 | J14: 11 | K14: 17 | L14: 12 | M14: 0 | N14: 0 | O14: 45 | U14: =SUM(C14:P14)-D14 -> 615 | V14: =SUM(B14:P14)-D14 -> 1112 | W14: =B14+C14+E14+F14+G14*2+H14*3+I14*3+J14+K14*10+L14*5+M14+N14*5+O14*5+P14+Q14 -> 1567 | X14: =C14*$C$3+D14*$D$3+E14*$E$3+F14*$F$3+G14*$G$3+H14*$H$3+I14*$I$3+J14*$J$3+K14*$K$3+L14*$L$3+M14*$M$3+N14*$N$3+O14*$O$3+P14*$P$3 -> 75091.5 | Y14: =B14*99+C14*$C$3+D14*$D$3+E14*$E$3+F14*$F$3+G14*$G$3+H14*$H$3+I14*$I$3+J14*$J$3+K14*$K$3+L14*$L$3+M14*$M$3+N14*$N$3+O14*$O$3+P14*$P$3 -> 124294.5
A15: 朱凯 | B15: 363 | C15: 17 | D15: 465 | E15: 434 | F15: 0 | G15: 21 | H15: 0 | I15: 0 | J15: 1 | K15: 17 | L15: 28 | M15: 0 | N15: 0 | O15: 6 | U15: =SUM(C15:P15)-D15 -> 524 | V15: =SUM(B15:P15)-D15 -> 887 | W15: =B15+C15+E15+F15+G15*2+H15*3+I15*3+J15+K15*10+L15*5+M15+N15*5+O15*5+P15+Q15 -> 1197 | X15: =C15*$C$3+D15*$D$3+E15*$E$3+F15*$F$3+G15*$G$3+H15*$H$3+I15*$I$3+J15*$J$3+K15*$K$3+L15*$L$3+M15*$M$3+N15*$N$3+O15*$O$3+P15*$P$3 -> 55148.5 | Y15: =B15*99+C15*$C$3+D15*$D$3+E15*$E$3+F15*$F$3+G15*$G$3+H15*$H$3+I15*$I$3+J15*$J$3+K15*$K$3+L15*$L$3+M15*$M$3+N15*$N$3+O15*$O$3+P15*$P$3 -> 91085.5
A16: 李晓莹 | B16: 741 | C16: 89 | D16: 804 | E16: 531 | G16: 204 | J16: 5 | L16: 19 | U16: =SUM(C16:P16)-D16 -> 848 | V16: =SUM(B16:P16)-D16 -> 1589 | W16: =B16+C16+E16+F16+G16*2+H16*3+I16*3+J16+K16*10+L16*5+M16+N16*5+O16*5+P16+Q16 -> 1869 | X16: =C16*$C$3+D16*$D$3+E16*$E$3+F16*$F$3+G16*$G$3+H16*$H$3+I16*$I$3+J16*$J$3+K16*$K$3+L16*$L$3+M16*$M$3+N16*$N$3+O16*$O$3+P16*$P$3 -> 123497 | Y16: =B16*99+C16*$C$3+D16*$D$3+E16*$E$3+F16*$F$3+G16*$G$3+H16*$H$3+I16*$I$3+J16*$J$3+K16*$K$3+L16*$L$3+M16*$M$3+N16*$N$3+O16*$O$3+P16*$P$3 -> 196856
A17: 孟凡伟 | B17: 300 | C17: 2 | D17: 362 | E17: 332 | F17: 0 | G17: 43 | H17: 0 | I17: 0 | J17: 5 | L17: 13 | U17: =SUM(C17:P17)-D17 -> 395 | V17: =SUM(B17:P17)-D17 -> 695 | W17: =B17+C17+E17+F17+G17*2+H17*3+I17*3+J17+K17*10+L17*5+M17+N17*5+O17*5+P17+Q17 -> 790 | X17: =C17*$C$3+D17*$D$3+E17*$E$3+F17*$F$3+G17*$G$3+H17*$H$3+I17*$I$3+J17*$J$3+K17*$K$3+L17*$L$3+M17*$M$3+N17*$N$3+O17*$O$3+P17*$P$3 -> 47179 | Y17: =B17*99+C17*$C$3+D17*$D$3+E17*$E$3+F17*$F$3+G17*$G$3+H17*$H$3+I17*$I$3+J17*$J$3+K17*$K$3+L17*$L$3+M17*$M$3+N17*$N$3+O17*$O$3+P17*$P$3 -> 76879
A18: 王桐 | B18: 459 | C18: 70 | D18: 499 | E18: 348 | F18: 0 | G18: 114 | H18: 0 | I18: 0 | J18: 2 | L18: 34 | U18: =SUM(C18:P18)-D18 -> 568 | V18: =SUM(B18:P18)-D18 -> 1027 | W18: =B18+C18+E18+F18+G18*2+H18*3+I18*3+J18+K18*10+L18*5+M18+N18*5+O18*5+P18+Q18 -> 1277 | X18: =C18*$C$3+D18*$D$3+E18*$E$3+F18*$F$3+G18*$G$3+H18*$H$3+I18*$I$3+J18*$J$3+K18*$K$3+L18*$L$3+M18*$M$3+N18*$N$3+O18*$O$3+P18*$P$3 -> 77764.5 | Y18: =B18*99+C18*$C$3+D18*$D$3+E18*$E$3+F18*$F$3+G18*$G$3+H18*$H$3+I18*$I$3+J18*$J$3+K18*$K$3+L18*$L$3+M18*$M$3+N18*$N$3+O18*$O$3+P18*$P$3 -> 123205.5
A19: 程日 | B19: 307 | C19: 11 | D19: 691 | E19: 647 | F19: 0 | G19: 57 | H19: 0 | I19: 0 | J19: 10 | L19: 22 | U19: =SUM(C19:P19)-D19 -> 747 | V19: =SUM(B19:P19)-D19 -> 1054 | W19: =B19+C19+E19+F19+G19*2+H19*3+I19*3+J19+K19*10+L19*5+M19+N19*5+O19*5+P19+Q19 -> 1199 | X19: =C19*$C$3+D19*$D$3+E19*$E$3+F19*$F$3+G19*$G$3+H19*$H$3+I19*$I$3+J19*$J$3+K19*$K$3+L19*$L$3+M19*$M$3+N19*$N$3+O19*$O$3+P19*$P$3 -> 85629.5 | Y19: =B19*99+C19*$C$3+D19*$D$3+E19*$E$3+F19*$F$3+G19*$G$3+H19*$H$3+I19*$I$3+J19*$J$3+K19*$K$3+L19*$L$3+M19*$M$3+N19*$N$3+O19*$O$3+P19*$P$3 -> 116022.5
A20: 洪森 | B20: 368 | C20: 7 | D20: 792 | E20: 706 | F20: 1 | G20: 93 | H20: 0 | I20: 0 | J20: 21 | L20: 26 | U20: =SUM(C20:P20)-D20 -> 854 | V20: =SUM(B20:P20)-D20 -> 1222 | W20: =B20+C20+E20+F20+G20*2+H20*3+I20*3+J20+K20*10+L20*5+M20+N20*5+O20*5+P20+Q20 -> 1419 | X20: =C20*$C$3+D20*$D$3+E20*$E$3+F20*$F$3+G20*$G$3+H20*$H$3+I20*$I$3+J20*$J$3+K20*$K$3+L20*$L$3+M20*$M$3+N20*$N$3+O20*$O$3+P20*$P$3 -> 101794 | Y20: =B20*99+C20*$C$3+D20*$D$3+E20*$E$3+F20*$F$3+G20*$G$3+H20*$H$3+I20*$I$3+J20*$J$3+K20*$K$3+L20*$L$3+M20*$M$3+N20*$N$3+O20*$O$3+P20*$P$3 -> 138226
A21: 马延梁 | B21: 486 | C21: 6 | D21: 780 | E21: 705 | F21: 0 | G21: 84 | H21: 0 | I21: 0 | J21: 18 | L21: 38 | M21: 1 | U21: =SUM(C21:P21)-D21 -> 852 | V21: =SUM(B21:P21)-D21 -> 1338 | W21: =B21+C21+E21+F21+G21*2+H21*3+I21*3+J21+K21*10+L21*5+M21+N21*5+O21*5+P21+Q21 -> 1574 | X21: =C21*$C$3+D21*$D$3+E21*$E$3+F21*$F$3+G21*$G$3+H21*$H$3+I21*$I$3+J21*$J$3+K21*$K$3+L21*$L$3+M21*$M$3+N21*$N$3+O21*$O$3+P21*$P$3 -> 99324.5 | Y21: =B21*99+C21*$C$3+D21*$D$3+E21*$E$3+F21*$F$3+G21*$G$3+H21*$H$3+I21*$I$3+J21*$J$3+K21*$K$3+L21*$L$3+M21*$M$3+N21*$N$3+O21*$O$3+P21*$P$3 -> 147438.5
A22: 史嘉琳 | U22: =SUM(C22:P22)-D22 -> 0 | V22: =SUM(B22:P22)-D22 -> 0 | W22: =B22+C22+E22+F22+G22*2+H22*3+I22*3+J22+K22*10+L22*5+M22+N22*5+O22*5+P22+Q22 -> 0 | X22: =C22*$C$3+D22*$D$3+E22*$E$3+F22*$F$3+G22*$G$3+H22*$H$3+I22*$I$3+J22*$J$3+K22*$K$3+L22*$L$3+M22*$M$3+N22*$N$3+O22*$O$3+P22*$P$3 -> 0 | Y22: =B22*99+C22*$C$3+D22*$D$3+E22*$E$3+F22*$F$3+G22*$G$3+H22*$H$3+I22*$I$3+J22*$J$3+K22*$K$3+L22*$L$3+M22*$M$3+N22*$N$3+O22*$O$3+P22*$P$3 -> 0
A23: 孙承飞 | B23: 341 | C23: 7 | D23: 787 | E23: 707 | F23: 0 | G23: 79 | H23: 0 | I23: 0 | J23: 14 | L23: 12 | U23: =SUM(C23:P23)-D23 -> 819 | V23: =SUM(B23:P23)-D23 -> 1160 | W23: =B23+C23+E23+F23+G23*2+H23*3+I23*3+J23+K23*10+L23*5+M23+N23*5+O23*5+P23+Q23 -> 1287 | X23: =C23*$C$3+D23*$D$3+E23*$E$3+F23*$F$3+G23*$G$3+H23*$H$3+I23*$I$3+J23*$J$3+K23*$K$3+L23*$L$3+M23*$M$3+N23*$N$3+O23*$O$3+P23*$P$3 -> 97267.5 | Y23: =B23*99+C23*$C$3+D23*$D$3+E23*$E$3+F23*$F$3+G23*$G$3+H23*$H$3+I23*$I$3+J23*$J$3+K23*$K$3+L23*$L$3+M23*$M$3+N23*$N$3+O23*$O$3+P23*$P$3 -> 131026.5
A24: 赵希平 | B24: 98 | C24: 3 | D24: 644 | E24: 577 | F24: 0 | G24: 96 | H24: 0 | I24: 0 | J24: 16 | L24: 25 | U24: =SUM(C24:P24)-D24 -> 717 | V24: =SUM(B24:P24)-D24 -> 815 | W24: =B24+C24+E24+F24+G24*2+H24*3+I24*3+J24+K24*10+L24*5+M24+N24*5+O24*5+P24+Q24 -> 1011 | X24: =C24*$C$3+D24*$D$3+E24*$E$3+F24*$F$3+G24*$G$3+H24*$H$3+I24*$I$3+J24*$J$3+K24*$K$3+L24*$L$3+M24*$M$3+N24*$N$3+O24*$O$3+P24*$P$3 -> 88110 | Y24: =B24*99+C24*$C$3+D24*$D$3+E24*$E$3+F24*$F$3+G24*$G$3+H24*$H$3+I24*$I$3+J24*$J$3+K24*$K$3+L24*$L$3+M24*$M$3+N24*$N$3+O24*$O$3+P24*$P$3 -> 97812
A25: 李楠 | B25: 243 | C25: 57 | D25: 428 | E25: 307 | F25: 0 | G25: 73 | H25: 0 | I25: 0 | J25: 2 | L25: 19 | U25: =SUM(C25:P25)-D25 -> 458 | V25: =SUM(B25:P25)-D25 -> 701 | W25: =B25+C25+E25+F25+G25*2+H25*3+I25*3+J25+K25*10+L25*5+M25+N25*5+O25*5+P25+Q25 -> 850 | X25: =C25*$C$3+D25*$D$3+E25*$E$3+F25*$F$3+G25*$G$3+H25*$H$3+I25*$I$3+J25*$J$3+K25*$K$3+L25*$L$3+M25*$M$3+N25*$N$3+O25*$O$3+P25*$P$3 -> 60280 | Y25: =B25*99+C25*$C$3+D25*$D$3+E25*$E$3+F25*$F$3+G25*$G$3+H25*$H$3+I25*$I$3+J25*$J$3+K25*$K$3+L25*$L$3+M25*$M$3+N25*$N$3+O25*$O$3+P25*$P$3 -> 84337
A26: 李嘉鹏 | U26: =SUM(C26:P26)-D26 -> 0 | V26: =SUM(B26:P26)-D26 -> 0 | W26: =B26+C26+E26+F26+G26*2+H26*3+I26*3+J26+K26*10+L26*5+M26+N26*5+O26*5+P26+Q26 -> 0 | X26: =C26*$C$3+D26*$D$3+E26*$E$3+F26*$F$3+G26*$G$3+H26*$H$3+I26*$I$3+J26*$J$3+K26*$K$3+L26*$L$3+M26*$M$3+N26*$N$3+O26*$O$3+P26*$P$3 -> 0 | Y26: =B26*99+C26*$C$3+D26*$D$3+E26*$E$3+F26*$F$3+G26*$G$3+H26*$H$3+I26*$I$3+J26*$J$3+K26*$K$3+L26*$L$3+M26*$M$3+N26*$N$3+O26*$O$3+P26*$P$3 -> 0
U27: =SUM(C27:P27)-D27 -> 0 | V27: =SUM(B27:P27)-D27 -> 0 | W27: =B27+C27+E27+F27+G27*2+H27*3+I27*3+J27+K27*10+L27*5+M27+N27*5+O27*5+P27+Q27 -> 0 | X27: =C27*$C$3+D27*$D$3+E27*$E$3+F27*$F$3+G27*$G$3+H27*$H$3+I27*$I$3+J27*$J$3+K27*$K$3+L27*$L$3+M27*$M$3+N27*$N$3+O27*$O$3+P27*$P$3 -> 0 | Y27: =B27*99+C27*$C$3+D27*$D$3+E27*$E$3+F27*$F$3+G27*$G$3+H27*$H$3+I27*$I$3+J27*$J$3+K27*$K$3+L27*$L$3+M27*$M$3+N27*$N$3+O27*$O$3+P27*$P$3 -> 0
A28: 王雪彤 | B28: 0 | C28: 16 | D28: 67 | E28: 34 | F28: 0 | G28: 17 | H28: 0 | I28: 0 | J28: 2 | U28: =SUM(C28:P28)-D28 -> 69 | V28: =SUM(B28:P28)-D28 -> 69 | W28: =B28+C28+E28+F28+G28*2+H28*3+I28*3+J28+K28*10+L28*5+M28+N28*5+O28*5+P28+Q28 -> 86 | X28: =C28*$C$3+D28*$D$3+E28*$E$3+F28*$F$3+G28*$G$3+H28*$H$3+I28*$I$3+J28*$J$3+K28*$K$3+L28*$L$3+M28*$M$3+N28*$N$3+O28*$O$3+P28*$P$3 -> 10444.5 | Y28: =B28*99+C28*$C$3+D28*$D$3+E28*$E$3+F28*$F$3+G28*$G$3+H28*$H$3+I28*$I$3+J28*$J$3+K28*$K$3+L28*$L$3+M28*$M$3+N28*$N$3+O28*$O$3+P28*$P$3 -> 10444.5
A29: 刘海燕 | B29: 336 | C29: 151 | D29: 1006 | E29: 574 | F29: 2 | G29: 307 | U29: =SUM(C29:P29)-D29 -> 1034 | V29: =SUM(B29:P29)-D29 -> 1370 | W29: 0 | X29: =C29*$C$3+D29*$D$3+E29*$E$3+F29*$F$3+G29*$G$3+H29*$H$3+I29*$I$3+J29*$J$3+K29*$K$3+L29*$L$3+M29*$M$3+N29*$N$3+O29*$O$3+P29*$P$3 -> 163449 | Y29: =B29*99+C29*$C$3+D29*$D$3+E29*$E$3+F29*$F$3+G29*$G$3+H29*$H$3+I29*$I$3+J29*$J$3+K29*$K$3+L29*$L$3+M29*$M$3+N29*$N$3+O29*$O$3+P29*$P$3 -> 196713
U30: =SUM(B30:Q30) -> 0 | V30: =SUM(B30:P30)-D30 -> 0 | W30: =B30+C30+E30+F30+G30*2+H30*3+I30*3+J30+K30*6+L30*5+M30+N30*5+O30*5+P30+Q30 -> 0 | X30: =C30*$C$3+D30*$D$3+E30*$E$3+F30*$F$3+G30*$G$3+H30*$H$3+I30*$I$3+J30*$J$3+K30*$K$3+L30*$L$3+M30*$M$3+N30*$N$3+O30*$O$3+P30*$P$3 -> 0 | Y30: =B30*99+C30*$C$3+D30*$D$3+E30*$E$3+F30*$F$3+G30*$G$3+H30*$H$3+I30*$I$3+J30*$J$3+K30*$K$3+L30*$L$3+M30*$M$3+N30*$N$3+O30*$O$3+P30*$P$3 -> 0
A31: 工作量合计 | B31: =SUM(B4:B30) -> 7434 | C31: =SUM(C4:C30) -> 1113 | D31: =SUM(D4:D30) -> 14379 | E31: =SUM(E4:E30) -> 10765 | F31: =SUM(F4:F30) -> 6 | G31: =SUM(G4:G30) -> 2804 | H31: =SUM(H4:H30) -> 45 | I31: =SUM(I4:I30) -> 31 | ... U31: =SUM(U4:U30) -> 15402 | V31: =SUM(B31:P31)-D31 -> 22836 | W31: =SUM(W4:W30) -> 26187 | X31: =SUM(X4:X30) -> 2089408 | Y31: =B31*99+C31*$C$3+D31*$D$3+E31*$E$3+F31*$F$3+G31*$G$3+H31*$H$3+I31*$I$3+J31*$J$3+K31*$K$3+L31*$L$3+M31*$M$3+N31*$N$3+O31*$O$3+P31*$P$3 -> 2825374
A32: 收入合计 | B32: =B31*B3 -> 735966 | C32: =C31*C3 -> 146916 | D32: =D31*D3 -> 79084.5 | E32: =E31*E3 -> 1065735 | F32: =F31*F3 -> 330 | G32: =G31*G3 -> 740256 | H32: =H31*H3 -> 13950 | I32: =I31*I3 -> 8866 | ... P32: =P31*P3 -> 0 | U32: - | V32: - | W32: - | X32: =SUM(C32:P32) -> 2089408 | Y32: =SUM(B32:P32) -> 2825374

Sheet 10月
A1: 2022年10月超声工作量
A2: 姓名 | B2: 体检例数 | C2: 腔内超声检查 | D2: 图文报告 | E2: 超声检查正常(包括双胎) | F2: 双胎加收 | G2: 脏器灰阶立体成象*2 | H2: 超声检查(胎儿系统) *3 | I2: 胎儿心脏超声 *3 | J2: 残余尿测定 | K2: 介入操作 *10 | L2: 床旁彩超加收 *5 | M2: B超常规检 | N2: 脏器声学造影 *5 | O2: 临床操作超声引导*5 | P2: 弹性成像 | Q2: 误时工作量例数 | R2: 疑难病例会诊例数 | S2: 夜班例数 | T2: 扣罚金额 | U2: 门住工作量合计 | V2: 门住体工作量合计 | W2: 绩效工作量 | X2: 门住收入合计 | Y2: 门住体总收入合计
B3: 99 | C3: 132 | D3: 5.5 | E3: 99 | F3: 55 | G3: 264 | H3: 310 | I3: 286 | J3: 55 | L3: 33 | M3: 27.5 | N3: 143 | O3: 143 | P3: 55 | R3: 20 | S3: 50 | T3: 50-500
A4: 信吉伟 | B4: 64 | C4: 47 | D4: 548 | E4: 363 | F4: 3 | G4: 191 | H4: 10 | I4: 2 | J4: 3 | L4: 19 | O4: 14 | Q4: 270 | R4: 86 | S4: 2 | U4: =SUM(C4:P4)-D4 -> 652 | V4: =SUM(B4:P4)-D4 -> 716 | W4: =B4+C4+E4+F4+G4*2+H4*3+I4*3+J4+K4*6+L4*5+M4+N4*5+O4*5+P4+Q4 -> 1333 | X4: =C4*$C$3+D4*$D$3+E4*$E$3+F4*$F$3+G4*$G$3+H4*$H$3+I4*$I$3+J4*$J$3+K4*$K$3+L4*$L$3+M4*$M$3+N4*$N$3+O4*$O$3+P4*$P$3 -> 102210 | Y4: =B4*99+C4*$C$3+D4*$D$3+E4*$E$3+F4*$F$3+G4*$G$3+H4*$H$3+I4*$I$3+J4*$J$3+K4*$K$3+L4*$L$3+M4*$M$3+N4*$N$3+O4*$O$3+P4*$P$3 -> 108546
A5: 刘思阳 | B5: 188 | C5: 14 | D5: 557 | E5: 445 | F5: 2 | G5: 97 | J5: 11 | L5: 3 | U5: =SUM(C5:P5)-D5 -> 572 | V5: =SUM(B5:P5)-D5 -> 760 | W5: =B5+C5+E5+F5+G5*2+H5*3+I5*3+J5+K5*6+L5*5+M5+N5*5+O5*5+P5+Q5 -> 869 | X5: =C5*$C$3+D5*$D$3+E5*$E$3+F5*$F$3+G5*$G$3+H5*$H$3+I5*$I$3+J5*$J$3+K5*$K$3+L5*$L$3+M5*$M$3+N5*$N$3+O5*$O$3+P5*$P$3 -> 75388.5 | Y5: =B5*99+C5*$C$3+D5*$D$3+E5*$E$3+F5*$F$3+G5*$G$3+H5*$H$3+I5*$I$3+J5*$J$3+K5*$K$3+L5*$L$3+M5*$M$3+N5*$N$3+O5*$O$3+P5*$P$3 -> 94000.5
A6: 邢卫军 | U6: =SUM(C6:P6)-D6 -> 0 | V6: =SUM(B6:P6)-D6 -> 0 | W6: =B6+C6+E6+F6+G6*2+H6*3+I6*3+J6+K6*6+L6*5+M6+N6*5+O6*5+P6+Q6 -> 0 | X6: =C6*$C$3+D6*$D$3+E6*$E$3+F6*$F$3+G6*$G$3+H6*$H$3+I6*$I$3+J6*$J$3+K6*$K$3+L6*$L$3+M6*$M$3+N6*$N$3+O6*$O$3+P6*$P$3 -> 0 | Y6: =B6*99+C6*$C$3+D6*$D$3+E6*$E$3+F6*$F$3+G6*$G$3+H6*$H$3+I6*$I$3+J6*$J$3+K6*$K$3+L6*$L$3+M6*$M$3+N6*$N$3+O6*$O$3+P6*$P$3 -> 0
A7: 姜纯莲 | B7: 496 | C7: 87 | D7: 671 | E7: 437 | F7: 6 | G7: 147 | U7: =SUM(C7:P7)-D7 -> 677 | V7: =SUM(B7:P7)-D7 -> 1173 | W7: =B7+C7+E7+F7+G7*2+H7*3+I7*3+J7+K7*6+L7*5+M7+N7*5+O7*5+P7+Q7 -> 1320 | X7: =C7*$C$3+D7*$D$3+E7*$E$3+F7*$F$3+G7*$G$3+H7*$H$3+I7*$I$3+J7*$J$3+K7*$K$3+L7*$L$3+M7*$M$3+N7*$N$3+O7*$O$3+P7*$P$3 -> 97575.5 | Y7: =B7*99+C7*$C$3+D7*$D$3+E7*$E$3+F7*$F$3+G7*$G$3+H7*$H$3+I7*$I$3+J7*$J$3+K7*$K$3+L7*$L$3+M7*$M$3+N7*$N$3+O7*$O$3+P7*$P$3 -> 146679.5
A8: 王漠璇 | B8: 102 | C8: 99 | D8: 822 | E8: 516 | G8: 214 | J8: 2 | U8: =SUM(C8:P8)-D8 -> 831 | V8: =SUM(B8:P8)-D8 -> 933 | W8: =B8+C8+E8+F8+G8*2+H8*3+I8*3+J8+K8*6+L8*5+M8+N8*5+O8*5+P8+Q8 -> 1147 | X8: =C8*$C$3+D8*$D$3+E8*$E$3+F8*$F$3+G8*$G$3+H8*$H$3+I8*$I$3+J8*$J$3+K8*$K$3+L8*$L$3+M8*$M$3+N8*$N$3+O8*$O$3+P8*$P$3 -> 125279 | Y8: =B8*99+C8*$C$3+D8*$D$3+E8*$E$3+F8*$F$3+G8*$G$3+H8*$H$3+I8*$I$3+J8*$J$3+K8*$K$3+L8*$L$3+M8*$M$3+N8*$N$3+O8*$O$3+P8*$P$3 -> 135377
A9: 汪亚新 | B9: 77 | C9: 1 | D9: 450 | E9: 378 | G9: 71 | J9: 12 | U9: =SUM(C9:P9)-D9 -> 462 | V9: =SUM(B9:P9)-D9 -> 539 | W9: =B9+C9+E9+F9+G9*2+H9*3+I9*3+J9+K9*6+L9*5+M9+N9*5+O9*5+P9+Q9 -> 610 | X9: =C9*$C$3+D9*$D$3+E9*$E$3+F9*$F$3+G9*$G$3+H9*$H$3+I9*$I$3+J9*$J$3+K9*$K$3+L9*$L$3+M9*$M$3+N9*$N$3+O9*$O$3+P9*$P$3 -> 59433 | Y9: =B9*99+C9*$C$3+D9*$D$3+E9*$E$3+F9*$F$3+G9*$G$3+H9*$H$3+I9*$I$3+J9*$J$3+K9*$K$3+L9*$L$3+M9*$M$3+N9*$N$3+O9*$O$3+P9*$P$3 -> 67056
A10: 李双生 | B10: 191 | C10: 6 | D10: 516 | E10: 483 | G10: 31 | J10: 15 | L10: 34 | S10: 3 | U10: =SUM(C10:P10)-D10 -> 569 | V10: =SUM(B10:P10)-D10 -> 760 | W10: =B10+C10+E10+F10+G10*2+H10*3+I10*3+J10+K10*6+L10*5+M10+N10*5+O10*5+P10+Q10 -> 927 | X10: =C10*$C$3+D10*$D$3+E10*$E$3+F10*$F$3+G10*$G$3+H10*$H$3+I10*$I$3+J10*$J$3+K10*$K$3+L10*$L$3+M10*$M$3+N10*$N$3+O10*$O$3+P10*$P$3 -> 61578 | Y10: =B10*99+C10*$C$3+D10*$D$3+E10*$E$3+F10*$F$3+G10*$G$3+H10*$H$3+I10*$I$3+J10*$J$3+K10*$K$3+L10*$L$3+M10*$M$3+N10*$N$3+O10*$O$3+P10*$P$3 -> 80487
A11: 董宝玲 | U11: =SUM(C11:P11)-D11 -> 0 | V11: =SUM(B11:P11)-D11 -> 0 | W11: =B11+C11+E11+F11+G11*2+H11*3+I11*3+J11+K11*6+L11*5+M11+N11*5+O11*5+P11+Q11 -> 0 | X11: =C11*$C$3+D11*$D$3+E11*$E$3+F11*$F$3+G11*$G$3+H11*$H$3+I11*$I$3+J11*$J$3+K11*$K$3+L11*$L$3+M11*$M$3+N11*$N$3+O11*$O$3+P11*$P$3 -> 0 | Y11: =B11*99+C11*$C$3+D11*$D$3+E11*$E$3+F11*$F$3+G11*$G$3+H11*$H$3+I11*$I$3+J11*$J$3+K11*$K$3+L11*$L$3+M11*$M$3+N11*$N$3+O11*$O$3+P11*$P$3 -> 0
A12: 周晓丽 | B12: 148 | C12: 27 | D12: 256 | E12: 179 | G12: 51 | H12: 2 | I12: 10 | L12: 14 | R12: 6 | S12: 2 | U12: =SUM(C12:P12)-D12 -> 283 | V12: =SUM(B12:P12)-D12 -> 431 | W12: =B12+C12+E12+F12+G12*2+H12*3+I12*3+J12+K12*6+L12*5+M12+N12*5+O12*5+P12+Q12 -> 562 | X12: =C12*$C$3+D12*$D$3+E12*$E$3+F12*$F$3+G12*$G$3+H12*$H$3+I12*$I$3+J12*$J$3+K12*$K$3+L12*$L$3+M12*$M$3+N12*$N$3+O12*$O$3+P12*$P$3 -> 40099 | Y12: =B12*99+C12*$C$3+D12*$D$3+E12*$E$3+F12*$F$3+G12*$G$3+H12*$H$3+I12*$I$3+J12*$J$3+K12*$K$3+L12*$L$3+M12*$M$3+N12*$N$3+O12*$O$3+P12*$P$3 -> 54751
A13: 刘炜 | B13: 77 | C13: 78 | D13: 685 | E13: 376 | F13: 1 | G13: 198 | H13: 14 | I13: 9 | J13: 4 | L13: 1 | N13: 1 | R13: 12 | S13: 1 | U13: =SUM(C13:P13)-D13 -> 682 | V13: =SUM(B13:P13)-D13 -> 759 | W13: =B13+C13+E13+F13+G13*2+H13*3+I13*3+J13+K13*6+L13*5+M13+N13*5+O13*5+P13+Q13 -> 1011 | X13: =C13*$C$3+D13*$D$3+E13*$E$3+F13*$F$3+G13*$G$3+H13*$H$3+I13*$I$3+J13*$J$3+K13*$K$3+L13*$L$3+M13*$M$3+N13*$N$3+O13*$O$3+P13*$P$3 -> 110924.5 | Y13: =B13*99+C13*$C$3+D13*$D$3+E13*$E$3+F13*$F$3+G13*$G$3+H13*$H$3+I13*$I$3+J13*$J$3+K13*$K$3+L13*$L$3+M13*$M$3+N13*$N$3+O13*$O$3+P13*$P$3 -> 118547.5
A14: 刘涛 | B14: 166 | C14: 1 | D14: 58 | E14: 52 | G14: 7 | L14: 8 | O14: 1 | Q14: 135 | R14: 40 | S14: 1 | U14: =SUM(C14:P14)-D14 -> 69 | V14: =SUM(B14:P14)-D14 -> 235 | W14: =B14+C14+E14+F14+G14*2+H14*3+I14*3+J14+K14*6+L14*5+M14+N14*5+O14*5+P14+Q14 -> 413 | X14: =C14*$C$3+D14*$D$3+E14*$E$3+F14*$F$3+G14*$G$3+H14*$H$3+I14*$I$3+J14*$J$3+K14*$K$3+L14*$L$3+M14*$M$3+N14*$N$3+O14*$O$3+P14*$P$3 -> 7854 | Y14: =B14*99+C14*$C$3+D14*$D$3+E14*$E$3+F14*$F$3+G14*$G$3+H14*$H$3+I14*$I$3+J14*$J$3+K14*$K$3+L14*$L$3+M14*$M$3+N14*$N$3+O14*$O$3+P14*$P$3 -> 24288
A15: 朱凯 | B15: 15 | C15: 12 | D15: 383 | E15: 335 | F15: 1 | G15: 51 | J15: 5 | O15: 1 | Q15: 135 | R15: 40 | S15: 4 | U15: =SUM(C15:P15)-D15 -> 405 | V15: =SUM(B15:P15)-D15 -> 420 | W15: =B15+C15+E15+F15+G15*2+H15*3+I15*3+J15+K15*6+L15*5+M15+N15*5+O15*5+P15+Q15 -> 610 | X15: =C15*$C$3+D15*$D$3+E15*$E$3+F15*$F$3+G15*$G$3+H15*$H$3+I15*$I$3+J15*$J$3+K15*$K$3+L15*$L$3+M15*$M$3+N15*$N$3+O15*$O$3+P15*$P$3 -> 50792.5 | Y15: =B15*99+C15*$C$3+D15*$D$3+E15*$E$3+F15*$F$3+G15*$G$3+H15*$H$3+I15*$I$3+J15*$J$3+K15*$K$3+L15*$L$3+M15*$M$3+N15*$N$3+O15*$O$3+P15*$P$3 -> 52277.5
A16: 李晓莹 | B16: 254 | C16: 73 | D16: 562 | E16: 340 | F16: 2 | G16: 167 | H16: 4 | J16: 5 | L16: 12 | R16: 2 | S16: 3 | U16: =SUM(C16:P16)-D16 -> 603 | V16: =SUM(B16:P16)-D16 -> 857 | W16: =B16+C16+E16+F16+G16*2+H16*3+I16*3+J16+K16*6+L16*5+M16+N16*5+O16*5+P16+Q16 -> 1080 | X16: =C16*$C$3+D16*$D$3+E16*$E$3+F16*$F$3+G16*$G$3+H16*$H$3+I16*$I$3+J16*$J$3+K16*$K$3+L16*$L$3+M16*$M$3+N16*$N$3+O16*$O$3+P16*$P$3 -> 92496 | Y16: =B16*99+C16*$C$3+D16*$D$3+E16*$E$3+F16*$F$3+G16*$G$3+H16*$H$3+I16*$I$3+J16*$J$3+K16*$K$3+L16*$L$3+M16*$M$3+N16*$N$3+O16*$O$3+P16*$P$3 -> 117642
A17: 孟凡伟 | B17: 210 | C17: 23 | D17: 398 | E17: 333 | G17: 45 | J17: 7 | L17: 6 | S17: 3 | U17: =SUM(C17:P17)-D17 -> 414 | V17: =SUM(B17:P17)-D17 -> 624 | W17: =B17+C17+E17+F17+G17*2+H17*3+I17*3+J17+K17*6+L17*5+M17+N17*5+O17*5+P17+Q17 -> 693 | X17: =C17*$C$3+D17*$D$3+E17*$E$3+F17*$F$3+G17*$G$3+H17*$H$3+I17*$I$3+J17*$J$3+K17*$K$3+L17*$L$3+M17*$M$3+N17*$N$3+O17*$O$3+P17*$P$3 -> 50655 | Y17: =B17*99+C17*$C$3+D17*$D$3+E17*$E$3+F17*$F$3+G17*$G$3+H17*$H$3+I17*$I$3+J17*$J$3+K17*$K$3+L17*$L$3+M17*$M$3+N17*$N$3+O17*$O$3+P17*$P$3 -> 71445
A18: 王桐 | B18: 111 | C18: 34 | D18: 401 | E18: 282 | F18: 3 | G18: 62 | J18: 1 | L18: 27 | S18: 4 | U18: =SUM(C18:P18)-D18 -> 409 | V18: =SUM(B18:P18)-D18 -> 520 | W18: =B18+C18+E18+F18+G18*2+H18*3+I18*3+J18+K18*6+L18*5+M18+N18*5+O18*5+P18+Q18 -> 690 | X18: =C18*$C$3+D18*$D$3+E18*$E$3+F18*$F$3+G18*$G$3+H18*$H$3+I18*$I$3+J18*$J$3+K18*$K$3+L18*$L$3+M18*$M$3+N18*$N$3+O18*$O$3+P18*$P$3 -> 52090.5 | Y18: =B18*99+C18*$C$3+D18*$D$3+E18*$E$3+F18*$F$3+G18*$G$3+H18*$H$3+I18*$I$3+J18*$J$3+K18*$K$3+L18*$L$3+M18*$M$3+N18*$N$3+O18*$O$3+P18*$P$3 -> 63079.5
A19: 程日 | B19: 120 | C19: 3 | D19: 120 | E19: 103 | F19: 3 | G19: 19 | J19: 1 | L19: 7 | S19: 1 | U19: =SUM(C19:P19)-D19 -> 136 | V19: =SUM(B19:P19)-D19 -> 256 | W19: =B19+C19+E19+F19+G19*2+H19*3+I19*3+J19+K19*6+L19*5+M19+N19*5+O19*5+P19+Q19 -> 303 | X19: =C19*$C$3+D19*$D$3+E19*$E$3+F19*$F$3+G19*$G$3+H19*$H$3+I19*$I$3+J19*$J$3+K19*$K$3+L19*$L$3+M19*$M$3+N19*$N$3+O19*$O$3+P19*$P$3 -> 16720 | Y19: =B19*99+C19*$C$3+D19*$D$3+E19*$E$3+F19*$F$3+G19*$G$3+H19*$H$3+I19*$I$3+J19*$J$3+K19*$K$3+L19*$L$3+M19*$M$3+N19*$N$3+O19*$O$3+P19*$P$3 -> 28600
A20: 洪森 | B20: 3 | C20: 3 | D20: 201 | E20: 183 | F20: 1 | G20: 14 | J20: 1 | L20: 22 | S20: 1 | U20: =SUM(C20:P20)-D20 -> 224 | V20: =SUM(B20:P20)-D20 -> 227 | W20: =B20+C20+E20+F20+G20*2+H20*3+I20*3+J20+K20*6+L20*5+M20+N20*5+O20*5+P20+Q20 -> 329 | X20: =C20*$C$3+D20*$D$3+E20*$E$3+F20*$F$3+G20*$G$3+H20*$H$3+I20*$I$3+J20*$J$3+K20*$K$3+L20*$L$3+M20*$M$3+N20*$N$3+O20*$O$3+P20*$P$3 -> 24150.5 | Y20: =B20*99+C20*$C$3+D20*$D$3+E20*$E$3+F20*$F$3+G20*$G$3+H20*$H$3+I20*$I$3+J20*$J$3+K20*$K$3+L20*$L$3+M20*$M$3+N20*$N$3+O20*$O$3+P20*$P$3 -> 24447.5
A21: 马延梁 | B21: 174 | C21: 3 | D21: 142 | E21: 130 | G21: 14 | J21: 4 | L21: 8 | S21: 1 | U21: =SUM(C21:P21)-D21 -> 159 | V21: =SUM(B21:P21)-D21 -> 333 | W21: =B21+C21+E21+F21+G21*2+H21*3+I21*3+J21+K21*6+L21*5+M21+N21*5+O21*5+P21+Q21 -> 379 | X21: =C21*$C$3+D21*$D$3+E21*$E$3+F21*$F$3+G21*$G$3+H21*$H$3+I21*$I$3+J21*$J$3+K21*$K$3+L21*$L$3+M21*$M$3+N21*$N$3+O21*$O$3+P21*$P$3 -> 18227 | Y21: =B21*99+C21*$C$3+D21*$D$3+E21*$E$3+F21*$F$3+G21*$G$3+H21*$H$3+I21*$I$3+J21*$J$3+K21*$K$3+L21*$L$3+M21*$M$3+N21*$N$3+O21*$O$3+P21*$P$3 -> 35453
A22: 史嘉琳 | U22: =SUM(C22:P22)-D22 -> 0 | V22: =SUM(B22:P22)-D22 -> 0 | W22: =B22+C22+E22+F22+G22*2+H22*3+I22*3+J22+K22*6+L22*5+M22+N22*5+O22*5+P22+Q22 -> 0 | X22: =C22*$C$3+D22*$D$3+E22*$E$3+F22*$F$3+G22*$G$3+H22*$H$3+I22*$I$3+J22*$J$3+K22*$K$3+L22*$L$3+M22*$M$3+N22*$N$3+O22*$O$3+P22*$P$3 -> 0 | Y22: =B22*99+C22*$C$3+D22*$D$3+E22*$E$3+F22*$F$3+G22*$G$3+H22*$H$3+I22*$I$3+J22*$J$3+K22*$K$3+L22*$L$3+M22*$M$3+N22*$N$3+O22*$O$3+P22*$P$3 -> 0
A23: 孙承飞 | D23: 161 | E23: 161 | G23: 12 | J23: 0 | L23: 22 | U23: =SUM(C23:P23)-D23 -> 195 | V23: =SUM(B23:P23)-D23 -> 195 | W23: =B23+C23+E23+F23+G23*2+H23*3+I23*3+J23+K23*6+L23*5+M23+N23*5+O23*5+P23+Q23 -> 295 | X23: =C23*$C$3+D23*$D$3+E23*$E$3+F23*$F$3+G23*$G$3+H23*$H$3+I23*$I$3+J23*$J$3+K23*$K$3+L23*$L$3+M23*$M$3+N23*$N$3+O23*$O$3+P23*$P$3 -> 20718.5 | Y23: =B23*99+C23*$C$3+D23*$D$3+E23*$E$3+F23*$F$3+G23*$G$3+H23*$H$3+I23*$I$3+J23*$J$3+K23*$K$3+L23*$L$3+M23*$M$3+N23*$N$3+O23*$O$3+P23*$P$3 -> 20718.5
A24: 赵希平 | B24: 100 | C24: 5 | D24: 210 | E24: 198 | G24: 19 | J24: 1 | L24: 22 | S24: 1 | U24: =SUM(C24:P24)-D24 -> 245 | V24: =SUM(B24:P24)-D24 -> 345 | W24: =B24+C24+E24+F24+G24*2+H24*3+I24*3+J24+K24*6+L24*5+M24+N24*5+O24*5+P24+Q24 -> 452 | X24: =C24*$C$3+D24*$D$3+E24*$E$3+F24*$F$3+G24*$G$3+H24*$H$3+I24*$I$3+J24*$J$3+K24*$K$3+L24*$L$3+M24*$M$3+N24*$N$3+O24*$O$3+P24*$P$3 -> 27214 | Y24: =B24*99+C24*$C$3+D24*$D$3+E24*$E$3+F24*$F$3+G24*$G$3+H24*$H$3+I24*$I$3+J24*$J$3+K24*$K$3+L24*$L$3+M24*$M$3+N24*$N$3+O24*$O$3+P24*$P$3 -> 37114
A25: 李楠 | B25: 274 | C25: 73 | D25: 580 | E25: 403 | F25: 3 | G25: 132 | J25: 3 | L25: 41 | S25: 4 | U25: =SUM(C25:P25)-D25 -> 655 | V25: =SUM(B25:P25)-D25 -> 929 | W25: =B25+C25+E25+F25+G25*2+H25*3+I25*3+J25+K25*6+L25*5+M25+N25*5+O25*5+P25+Q25 -> 1225 | X25: =C25*$C$3+D25*$D$3+E25*$E$3+F25*$F$3+G25*$G$3+H25*$H$3+I25*$I$3+J25*$J$3+K25*$K$3+L25*$L$3+M25*$M$3+N25*$N$3+O25*$O$3+P25*$P$3 -> 89254 | Y25: =B25*99+C25*$C$3+D25*$D$3+E25*$E$3+F25*$F$3+G25*$G$3+H25*$H$3+I25*$I$3+J25*$J$3+K25*$K$3+L25*$L$3+M25*$M$3+N25*$N$3+O25*$O$3+P25*$P$3 -> 116380
A26: 于文康 | U26: =SUM(C26:P26)-D26 -> 0 | V26: =SUM(B26:P26)-D26 -> 0 | W26: =B26+C26+E26+F26+G26*2+H26*3+I26*3+J26+K26*6+L26*5+M26+N26*5+O26*5+P26+Q26 -> 0 | X26: =C26*$C$3+D26*$D$3+E26*$E$3+F26*$F$3+G26*$G$3+H26*$H$3+I26*$I$3+J26*$J$3+K26*$K$3+L26*$L$3+M26*$M$3+N26*$N$3+O26*$O$3+P26*$P$3 -> 0 | Y26: =B26*99+C26*$C$3+D26*$D$3+E26*$E$3+F26*$F$3+G26*$G$3+H26*$H$3+I26*$I$3+J26*$J$3+K26*$K$3+L26*$L$3+M26*$M$3+N26*$N$3+O26*$O$3+P26*$P$3 -> 0
A27: 沈思宇 | U27: =SUM(C27:P27)-D27 -> 0 | V27: =SUM(B27:P27)-D27 -> 0 | W27: =B27+C27+E27+F27+G27*2+H27*3+I27*3+J27+K27*6+L27*5+M27+N27*5+O27*5+P27+Q27 -> 0 | X27: =C27*$C$3+D27*$D$3+E27*$E$3+F27*$F$3+G27*$G$3+H27*$H$3+I27*$I$3+J27*$J$3+K27*$K$3+L27*$L$3+M27*$M$3+N27*$N$3+O27*$O$3+P27*$P$3 -> 0 | Y27: =B27*99+C27*$C$3+D27*$D$3+E27*$E$3+F27*$F$3+G27*$G$3+H27*$H$3+I27*$I$3+J27*$J$3+K27*$K$3+L27*$L$3+M27*$M$3+N27*$N$3+O27*$O$3+P27*$P$3 -> 0
A28: 冯越 | U28: =SUM(C28:P28)-D28 -> 0 | V28: =SUM(B28:P28)-D28 -> 0 | W28: =B28+C28+E28+F28+G28*2+H28*3+I28*3+J28+K28*6+L28*5+M28+N28*5+O28*5+P28+Q28 -> 0 | X28: =C28*$C$3+D28*$D$3+E28*$E$3+F28*$F$3+G28*$G$3+H28*$H$3+I28*$I$3+J28*$J$3+K28*$K$3+L28*$L$3+M28*$M$3+N28*$N$3+O28*$O$3+P28*$P$3 -> 0 | Y28: =B28*99+C28*$C$3+D28*$D$3+E28*$E$3+F28*$F$3+G28*$G$3+H28*$H$3+I28*$I$3+J28*$J$3+K28*$K$3+L28*$L$3+M28*$M$3+N28*$N$3+O28*$O$3+P28*$P$3 -> 0
A29: 刘海燕 | B29: 61 | C29: 57 | D29: 451 | E29: 327 | F29: 2 | G29: 77 | U29: =SUM(C29:P29)-D29 -> 463 | V29: =SUM(B29:P29)-D29 -> 524 | W29: 0 | X29: =C29*$C$3+D29*$D$3+E29*$E$3+F29*$F$3+G29*$G$3+H29*$H$3+I29*$I$3+J29*$J$3+K29*$K$3+L29*$L$3+M29*$M$3+N29*$N$3+O29*$O$3+P29*$P$3 -> 62815.5 | Y29: =B29*99+C29*$C$3+D29*$D$3+E29*$E$3+F29*$F$3+G29*$G$3+H29*$H$3+I29*$I$3+J29*$J$3+K29*$K$3+L29*$L$3+M29*$M$3+N29*$N$3+O29*$O$3+P29*$P$3 -> 68854.5
U30: =SUM(B30:Q30) -> 0 | V30: =SUM(B30:P30)-D30 -> 0 | W30: =B30+C30+E30+F30+G30*2+H30*3+I30*3+J30+K30*6+L30*5+M30+N30*5+O30*5+P30+Q30 -> 0 | X30: =C30*$C$3+D30*$D$3+E30*$E$3+F30*$F$3+G30*$G$3+H30*$H$3+I30*$I$3+J30*$J$3+K30*$K$3+L30*$L$3+M30*$M$3+N30*$N$3+O30*$O$3+P30*$P$3 -> 0 | Y30: =B30*99+C30*$C$3+D30*$D$3+E30*$E$3+F30*$F$3+G30*$G$3+H30*$H$3+I30*$I$3+J30*$J$3+K30*$K$3+L30*$L$3+M30*$M$3+N30*$N$3+O30*$O$3+P30*$P$3 -> 0
A31: 工作量合计 | B31: =SUM(B4:B30) -> 2831 | C31: =SUM(C4:C30) -> 646 | D31: =SUM(D4:D30) -> 8172 | E31: =SUM(E4:E30) -> 6024 | F31: =SUM(F4:F30) -> 27 | G31: =SUM(G4:G30) -> 1619 | H31: =SUM(H4:H30) -> 30 | I31: =SUM(I4:I30) -> 21 | ... U31: =SUM(U4:U30) -> 8705 | V31: =SUM(B31:P31)-D31 -> 11536 | W31: =SUM(W4:W30) -> 14248 | X31: =SUM(X4:X30) -> 1185475 | Y31: =B31*99+C31*$C$3+D31*$D$3+E31*$E$3+F31*$F$3+G31*$G$3+H31*$H$3+I31*$I$3+J31*$J$3+K31*$K$3+L31*$L$3+M31*$M$3+N31*$N$3+O31*$O$3+P31*$P$3 -> 1465744
A32: 收入合计 | B32: =B31*B3 -> 280269 | C32: =C31*C3 -> 85272 | D32: =D31*D3 -> 44946 | E32: =E31*E3 -> 596376 | F32: =F31*F3 -> 1485 | G32: =G31*G3 -> 427416 | H32: =H31*H3 -> 9300 | I32: =I31*I3 -> 6006 | ... P32: =P31*P3 -> 0 | U32: - | V32: - | W32: - | X32: =SUM(C32:P32) -> 1185475 | Y32: =SUM(B32:P32) -> 1465744

Sheet 11月
A1: 2022年11月超声工作量
A2: 姓名 | B2: 体检例数 | C2: 腔内超声检查 | D2: 图文报告 | E2: 超声检查正常(包括双胎) | F2: 双胎加收 | G2: 脏器灰阶立体成象*2 | H2: 超声检查(胎儿系统) *3 | I2: 胎儿心脏超声 *3 | J2: 残余尿测定 | K2: 介入操作 *10 | L2: 床旁彩超加收 *5 | M2: B超常规检 | N2: 脏器声学造影 *5 | O2: 临床操作超声引导*5 | P2: 弹性成像 | Q2: 误时工作量例数 | R2: 疑难病例会诊例数 | S2: 夜班例数 | T2: 扣罚金额 | U2: 门住工作量合计 | V2: 门住体工作量合计 | W2: 绩效工作量 | X2: 门住收入合计 | Y2: 门住体总收入合计
B3: 99 | C3: 132 | D3: 5.5 | E3: 99 | F3: 55 | G3: 264 | H3: 310 | I3: 286 | J3: 55 | L3: 33 | M3: 27.5 | N3: 143 | O3: 143 | P3: 55 | R3: 20 | S3: 50 | T3: 50-500
A4: 信吉伟 | U4: =SUM(C4:P4)-D4 -> 0 | V4: =SUM(B4:P4)-D4 -> 0 | W4: =B4+C4+E4+F4+G4*2+H4*3+I4*3+J4+K4*6+L4*5+M4+N4*5+O4*5+P4+Q4 -> 0 | X4: =C4*$C$3+D4*$D$3+E4*$E$3+F4*$F$3+G4*$G$3+H4*$H$3+I4*$I$3+J4*$J$3+K4*$K$3+L4*$L$3+M4*$M$3+N4*$N$3+O4*$O$3+P4*$P$3 -> 0 | Y4: =B4*99+C4*$C$3+D4*$D$3+E4*$E$3+F4*$F$3+G4*$G$3+H4*$H$3+I4*$I$3+J4*$J$3+K4*$K$3+L4*$L$3+M4*$M$3+N4*$N$3+O4*$O$3+P4*$P$3 -> 0
A5: 刘思阳 | U5: =SUM(C5:P5)-D5 -> 0 | V5: =SUM(B5:P5)-D5 -> 0 | W5: =B5+C5+E5+F5+G5*2+H5*3+I5*3+J5+K5*6+L5*5+M5+N5*5+O5*5+P5+Q5 -> 0 | X5: =C5*$C$3+D5*$D$3+E5*$E$3+F5*$F$3+G5*$G$3+H5*$H$3+I5*$I$3+J5*$J$3+K5*$K$3+L5*$L$3+M5*$M$3+N5*$N$3+O5*$O$3+P5*$P$3 -> 0 | Y5: =B5*99+C5*$C$3+D5*$D$3+E5*$E$3+F5*$F$3+G5*$G$3+H5*$H$3+I5*$I$3+J5*$J$3+K5*$K$3+L5*$L$3+M5*$M$3+N5*$N$3+O5*$O$3+P5*$P$3 -> 0
A6: 邢卫军 | U6: =SUM(C6:P6)-D6 -> 0 | V6: =SUM(B6:P6)-D6 -> 0 | W6: =B6+C6+E6+F6+G6*2+H6*3+I6*3+J6+K6*6+L6*5+M6+N6*5+O6*5+P6+Q6 -> 0 | X6: =C6*$C$3+D6*$D$3+E6*$E$3+F6*$F$3+G6*$G$3+H6*$H$3+I6*$I$3+J6*$J$3+K6*$K$3+L6*$L$3+M6*$M$3+N6*$N$3+O6*$O$3+P6*$P$3 -> 0 | Y6: =B6*99+C6*$C$3+D6*$D$3+E6*$E$3+F6*$F$3+G6*$G$3+H6*$H$3+I6*$I$3+J6*$J$3+K6*$K$3+L6*$L$3+M6*$M$3+N6*$N$3+O6*$O$3+P6*$P$3 -> 0
A7: 姜纯莲 | U7: =SUM(C7:P7)-D7 -> 0 | V7: =SUM(B7:P7)-D7 -> 0 | W7: =B7+C7+E7+F7+G7*2+H7*3+I7*3+J7+K7*6+L7*5+M7+N7*5+O7*5+P7+Q7 -> 0 | X7: =C7*$C$3+D7*$D$3+E7*$E$3+F7*$F$3+G7*$G$3+H7*$H$3+I7*$I$3+J7*$J$3+K7*$K$3+L7*$L$3+M7*$M$3+N7*$N$3+O7*$O$3+P7*$P$3 -> 0 | Y7: =B7*99+C7*$C$3+D7*$D$3+E7*$E$3+F7*$F$3+G7*$G$3+H7*$H$3+I7*$I$3+J7*$J$3+K7*$K$3+L7*$L$3+M7*$M$3+N7*$N$3+O7*$O$3+P7*$P$3 -> 0
A8: 王漠璇 | U8: =SUM(C8:P8)-D8 -> 0 | V8: =SUM(B8:P8)-D8 -> 0 | W8: =B8+C8+E8+F8+G8*2+H8*3+I8*3+J8+K8*6+L8*5+M8+N8*5+O8*5+P8+Q8 -> 0 | X8: =C8*$C$3+D8*$D$3+E8*$E$3+F8*$F$3+G8*$G$3+H8*$H$3+I8*$I$3+J8*$J$3+K8*$K$3+L8*$L$3+M8*$M$3+N8*$N$3+O8*$O$3+P8*$P$3 -> 0 | Y8: =B8*99+C8*$C$3+D8*$D$3+E8*$E$3+F8*$F$3+G8*$G$3+H8*$H$3+I8*$I$3+J8*$J$3+K8*$K$3+L8*$L$3+M8*$M$3+N8*$N$3+O8*$O$3+P8*$P$3 -> 0
A9: 汪亚新 | U9: =SUM(C9:P9)-D9 -> 0 | V9: =SUM(B9:P9)-D9 -> 0 | W9: =B9+C9+E9+F9+G9*2+H9*3+I9*3+J9+K9*6+L9*5+M9+N9*5+O9*5+P9+Q9 -> 0 | X9: =C9*$C$3+D9*$D$3+E9*$E$3+F9*$F$3+G9*$G$3+H9*$H$3+I9*$I$3+J9*$J$3+K9*$K$3+L9*$L$3+M9*$M$3+N9*$N$3+O9*$O$3+P9*$P$3 -> 0 | Y9: =B9*99+C9*$C$3+D9*$D$3+E9*$E$3+F9*$F$3+G9*$G$3+H9*$H$3+I9*$I$3+J9*$J$3+K9*$K$3+L9*$L$3+M9*$M$3+N9*$N$3+O9*$O$3+P9*$P$3 -> 0
A10: 李双生 | U10: =SUM(C10:P10)-D10 -> 0 | V10: =SUM(B10:P10)-D10 -> 0 | W10: =B10+C10+E10+F10+G10*2+H10*3+I10*3+J10+K10*6+L10*5+M10+N10*5+O10*5+P10+Q10 -> 0 | X10: =C10*$C$3+D10*$D$3+E10*$E$3+F10*$F$3+G10*$G$3+H10*$H$3+I10*$I$3+J10*$J$3+K10*$K$3+L10*$L$3+M10*$M$3+N10*$N$3+O10*$O$3+P10*$P$3 -> 0 | Y10: =B10*99+C10*$C$3+D10*$D$3+E10*$E$3+F10*$F$3+G10*$G$3+H10*$H$3+I10*$I$3+J10*$J$3+K10*$K$3+L10*$L$3+M10*$M$3+N10*$N$3+O10*$O$3+P10*$P$3 -> 0
A11: 董宝玲 | U11: =SUM(C11:P11)-D11 -> 0 | V11: =SUM(B11:P11)-D11 -> 0 | W11: =B11+C11+E11+F11+G11*2+H11*3+I11*3+J11+K11*6+L11*5+M11+N11*5+O11*5+P11+Q11 -> 0 | X11: =C11*$C$3+D11*$D$3+E11*$E$3+F11*$F$3+G11*$G$3+H11*$H$3+I11*$I$3+J11*$J$3+K11*$K$3+L11*$L$3+M11*$M$3+N11*$N$3+O11*$O$3+P11*$P$3 -> 0 | Y11: =B11*99+C11*$C$3+D11*$D$3+E11*$E$3+F11*$F$3+G11*$G$3+H11*$H$3+I11*$I$3+J11*$J$3+K11*$K$3+L11*$L$3+M11*$M$3+N11*$N$3+O11*$O$3+P11*$P$3 -> 0
A12: 周晓丽 | U12: =SUM(C12:P12)-D12 -> 0 | V12: =SUM(B12:P12)-D12 -> 0 | W12: =B12+C12+E12+F12+G12*2+H12*3+I12*3+J12+K12*6+L12*5+M12+N12*5+O12*5+P12+Q12 -> 0 | X12: =C12*$C$3+D12*$D$3+E12*$E$3+F12*$F$3+G12*$G$3+H12*$H$3+I12*$I$3+J12*$J$3+K12*$K$3+L12*$L$3+M12*$M$3+N12*$N$3+O12*$O$3+P12*$P$3 -> 0 | Y12: =B12*99+C12*$C$3+D12*$D$3+E12*$E$3+F12*$F$3+G12*$G$3+H12*$H$3+I12*$I$3+J12*$J$3+K12*$K$3+L12*$L$3+M12*$M$3+N12*$N$3+O12*$O$3+P12*$P$3 -> 0
A13: 刘炜 | U13: =SUM(C13:P13)-D13 -> 0 | V13: =SUM(B13:P13)-D13 -> 0 | W13: =B13+C13+E13+F13+G13*2+H13*3+I13*3+J13+K13*6+L13*5+M13+N13*5+O13*5+P13+Q13 -> 0 | X13: =C13*$C$3+D13*$D$3+E13*$E$3+F13*$F$3+G13*$G$3+H13*$H$3+I13*$I$3+J13*$J$3+K13*$K$3+L13*$L$3+M13*$M$3+N13*$N$3+O13*$O$3+P13*$P$3 -> 0 | Y13: =B13*99+C13*$C$3+D13*$D$3+E13*$E$3+F13*$F$3+G13*$G$3+H13*$H$3+I13*$I$3+J13*$J$3+K13*$K$3+L13*$L$3+M13*$M$3+N13*$N$3+O13*$O$3+P13*$P$3 -> 0
A14: 刘涛 | U14: =SUM(C14:P14)-D14 -> 0 | V14: =SUM(B14:P14)-D14 -> 0 | W14: =B14+C14+E14+F14+G14*2+H14*3+I14*3+J14+K14*6+L14*5+M14+N14*5+O14*5+P14+Q14 -> 0 | X14: =C14*$C$3+D14*$D$3+E14*$E$3+F14*$F$3+G14*$G$3+H14*$H$3+I14*$I$3+J14*$J$3+K14*$K$3+L14*$L$3+M14*$M$3+N14*$N$3+O14*$O$3+P14*$P$3 -> 0 | Y14: =B14*99+C14*$C$3+D14*$D$3+E14*$E$3+F14*$F$3+G14*$G$3+H14*$H$3+I14*$I$3+J14*$J$3+K14*$K$3+L14*$L$3+M14*$M$3+N14*$N$3+O14*$O$3+P14*$P$3 -> 0
A15: 朱凯 | U15: =SUM(C15:P15)-D15 -> 0 | V15: =SUM(B15:P15)-D15 -> 0 | W15: =B15+C15+E15+F15+G15*2+H15*3+I15*3+J15+K15*6+L15*5+M15+N15*5+O15*5+P15+Q15 -> 0 | X15: =C15*$C$3+D15*$D$3+E15*$E$3+F15*$F$3+G15*$G$3+H15*$H$3+I15*$I$3+J15*$J$3+K15*$K$3+L15*$L$3+M15*$M$3+N15*$N$3+O15*$O$3+P15*$P$3 -> 0 | Y15: =B15*99+C15*$C$3+D15*$D$3+E15*$E$3+F15*$F$3+G15*$G$3+H15*$H$3+I15*$I$3+J15*$J$3+K15*$K$3+L15*$L$3+M15*$M$3+N15*$N$3+O15*$O$3+P15*$P$3 -> 0
... A22: 史嘉琳 | U22: =SUM(C22:P22)-D22 -> 0 | V22: =SUM(B22:P22)-D22 -> 0 | W22: =B22+C22+E22+F22+G22*2+H22*3+I22*3+J22+K22*6+L22*5+M22+N22*5+O22*5+P22+Q22 -> 0 | X22: =C22*$C$3+D22*$D$3+E22*$E$3+F22*$F$3+G22*$G$3+H22*$H$3+I22*$I$3+J22*$J$3+K22*$K$3+L22*$L$3+M22*$M$3+N22*$N$3+O22*$O$3+P22*$P$3 -> 0 | Y22: =B22*99+C22*$C$3+D22*$D$3+E22*$E$3+F22*$F$3+G22*$G$3+H22*$H$3+I22*$I$3+J22*$J$3+K22*$K$3+L22*$L$3+M22*$M$3+N22*$N$3+O22*$O$3+P22*$P$3 -> 0
A23: 孙承飞 | B23: 410 | C23: 3 | D23: 571 | E23: 515 | F23: 1 | G23: 67 | H23: 0 | I23: 0 | J23: 15 | K23: 0 | L23: 11 | U23: =SUM(C23:P23)-D23 -> 612 | V23: =SUM(B23:P23)-D23 -> 1022 | W23: =B23+C23+E23+F23+G23*2+H23*3+I23*3+J23+K23*6+L23*5+M23+N23*5+O23*5+P23+Q23 -> 1133 | X23: =C23*$C$3+D23*$D$3+E23*$E$3+F23*$F$3+G23*$G$3+H23*$H$3+I23*$I$3+J23*$J$3+K23*$K$3+L23*$L$3+M23*$M$3+N23*$N$3+O23*$O$3+P23*$P$3 -> 73452.5 | Y23: =B23*99+C23*$C$3+D23*$D$3+E23*$E$3+F23*$F$3+G23*$G$3+H23*$H$3+I23*$I$3+J23*$J$3+K23*$K$3+L23*$L$3+M23*$M$3+N23*$N$3+O23*$O$3+P23*$P$3 -> 114042.5
A24: 赵希平 | U24: =SUM(C24:P24)-D24 -> 0 | V24: =SUM(B24:P24)-D24 -> 0 | W24: =B24+C24+E24+F24+G24*2+H24*3+I24*3+J24+K24*6+L24*5+M24+N24*5+O24*5+P24+Q24 -> 0 | X24: =C24*$C$3+D24*$D$3+E24*$E$3+F24*$F$3+G24*$G$3+H24*$H$3+I24*$I$3+J24*$J$3+K24*$K$3+L24*$L$3+M24*$M$3+N24*$N$3+O24*$O$3+P24*$P$3 -> 0 | Y24: =B24*99+C24*$C$3+D24*$D$3+E24*$E$3+F24*$F$3+G24*$G$3+H24*$H$3+I24*$I$3+J24*$J$3+K24*$K$3+L24*$L$3+M24*$M$3+N24*$N$3+O24*$O$3+P24*$P$3 -> 0
A25: 李楠 | B25: 335 | C25: 66 | D25: 529 | E25: 357 | F25: 1 | G25: 126 | H25: 0 | I25: 0 | J25: 4 | K25: 0 | L25: 28 | U25: =SUM(C25:P25)-D25 -> 582 | V25: =SUM(B25:P25)-D25 -> 917 | W25: =B25+C25+E25+F25+G25*2+H25*3+I25*3+J25+K25*6+L25*5+M25+N25*5+O25*5+P25+Q25 -> 1155 | X25: =C25*$C$3+D25*$D$3+E25*$E$3+F25*$F$3+G25*$G$3+H25*$H$3+I25*$I$3+J25*$J$3+K25*$K$3+L25*$L$3+M25*$M$3+N25*$N$3+O25*$O$3+P25*$P$3 -> 81427.5 | Y25: =B25*99+C25*$C$3+D25*$D$3+E25*$E$3+F25*$F$3+G25*$G$3+H25*$H$3+I25*$I$3+J25*$J$3+K25*$K$3+L25*$L$3+M25*$M$3+N25*$N$3+O25*$O$3+P25*$P$3 -> 114592.5
A26: 李嘉鹏 | U26: =SUM(C26:P26)-D26 -> 0 | V26: =SUM(B26:P26)-D26 -> 0 | W26: =B26+C26+E26+F26+G26*2+H26*3+I26*3+J26+K26*6+L26*5+M26+N26*5+O26*5+P26+Q26 -> 0 | X26: =C26*$C$3+D26*$D$3+E26*$E$3+F26*$F$3+G26*$G$3+H26*$H$3+I26*$I$3+J26*$J$3+K26*$K$3+L26*$L$3+M26*$M$3+N26*$N$3+O26*$O$3+P26*$P$3 -> 0 | Y26: =B26*99+C26*$C$3+D26*$D$3+E26*$E$3+F26*$F$3+G26*$G$3+H26*$H$3+I26*$I$3+J26*$J$3+K26*$K$3+L26*$L$3+M26*$M$3+N26*$N$3+O26*$O$3+P26*$P$3 -> 0
U27: =SUM(C27:P27)-D27 -> 0 | V27: =SUM(B27:P27)-D27 -> 0 | W27: =B27+C27+E27+F27+G27*2+H27*3+I27*3+J27+K27*6+L27*5+M27+N27*5+O27*5+P27+Q27 -> 0 | X27: =C27*$C$3+D27*$D$3+E27*$E$3+F27*$F$3+G27*$G$3+H27*$H$3+I27*$I$3+J27*$J$3+K27*$K$3+L27*$L$3+M27*$M$3+N27*$N$3+O27*$O$3+P27*$P$3 -> 0 | Y27: =B27*99+C27*$C$3+D27*$D$3+E27*$E$3+F27*$F$3+G27*$G$3+H27*$H$3+I27*$I$3+J27*$J$3+K27*$K$3+L27*$L$3+M27*$M$3+N27*$N$3+O27*$O$3+P27*$P$3 -> 0
A28: 王雪彤 | U28: =SUM(C28:P28)-D28 -> 0 | V28: =SUM(B28:P28)-D28 -> 0 | W28: =B28+C28+E28+F28+G28*2+H28*3+I28*3+J28+K28*6+L28*5+M28+N28*5+O28*5+P28+Q28 -> 0 | X28: =C28*$C$3+D28*$D$3+E28*$E$3+F28*$F$3+G28*$G$3+H28*$H$3+I28*$I$3+J28*$J$3+K28*$K$3+L28*$L$3+M28*$M$3+N28*$N$3+O28*$O$3+P28*$P$3 -> 0 | Y28: =B28*99+C28*$C$3+D28*$D$3+E28*$E$3+F28*$F$3+G28*$G$3+H28*$H$3+I28*$I$3+J28*$J$3+K28*$K$3+L28*$L$3+M28*$M$3+N28*$N$3+O28*$O$3+P28*$P$3 -> 0
A29: 刘海燕 | U29: =SUM(C29:P29)-D29 -> 0 | V29: =SUM(B29:P29)-D29 -> 0 | W29: 0 | X29: =C29*$C$3+D29*$D$3+E29*$E$3+F29*$F$3+G29*$G$3+H29*$H$3+I29*$I$3+J29*$J$3+K29*$K$3+L29*$L$3+M29*$M$3+N29*$N$3+O29*$O$3+P29*$P$3 -> 0 | Y29: =B29*99+C29*$C$3+D29*$D$3+E29*$E$3+F29*$F$3+G29*$G$3+H29*$H$3+I29*$I$3+J29*$J$3+K29*$K$3+L29*$L$3+M29*$M$3+N29*$N$3+O29*$O$3+P29*$P$3 -> 0
U30: =SUM(B30:Q30) -> 0 | V30: =SUM(B30:P30)-D30 -> 0 | W30: =B30+C30+E30+F30+G30*2+H30*3+I30*3+J30+K30*6+L30*5+M30+N30*5+O30*5+P30+Q30 -> 0 | X30: =C30*$C$3+D30*$D$3+E30*$E$3+F30*$F$3+G30*$G$3+H30*$H$3+I30*$I$3+J30*$J$3+K30*$K$3+L30*$L$3+M30*$M$3+N30*$N$3+O30*$O$3+P30*$P$3 -> 0 | Y30: =B30*99+C30*$C$3+D30*$D$3+E30*$E$3+F30*$F$3+G30*$G$3+H30*$H$3+I30*$I$3+J30*$J$3+K30*$K$3+L30*$L$3+M30*$M$3+N30*$N$3+O30*$O$3+P30*$P$3 -> 0
A31: 工作量合计 | B31: =SUM(B4:B30) -> 745 | C31: =SUM(C4:C30) -> 69 | D31: =SUM(D4:D30) -> 1100 | E31: =SUM(E4:E30) -> 872 | F31: =SUM(F4:F30) -> 2 | G31: =SUM(G4:G30) -> 193 | H31: =SUM(H4:H30) -> 0 | I31: =SUM(I4:I30) -> 0 | ... U31: =SUM(U4:U30) -> 1194 | V31: =SUM(B31:P31)-D31 -> 1939 | W31: =SUM(W4:W30) -> 2288 | X31: =SUM(X4:X30) -> 154880 | Y31: =B31*99+C31*$C$3+D31*$D$3+E31*$E$3+F31*$F$3+G31*$G$3+H31*$H$3+I31*$I$3+J31*$J$3+K31*$K$3+L31*$L$3+M31*$M$3+N31*$N$3+O31*$O$3+P31*$P$3 -> 228635
A32: 收入合计 | B32: =B31*B3 -> 73755 | C32: =C31*C3 -> 9108 | D32: =D31*D3 -> 6050 | E32: =E31*E3 -> 86328 | F32: =F31*F3 -> 110 | G32: =G31*G3 -> 50952 | H32: =H31*H3 -> 0 | I32: =I31*I3 -> 0 | ... P32: =P31*P3 -> 0 | U32: - | V32: - | W32: - | X32: =SUM(C32:P32) -> 154880 | Y32: =SUM(B32:P32) -> 228635

Sheet 12月
A1: 2022年12月超声工作量
A2: 姓名 | B2: 体检例数 | C2: 腔内超声检查 | D2: 图文报告 | E2: 超声检查正常(包括双胎) | F2: 双胎加收 | G2: 脏器灰阶立体成象*2 | H2: 超声检查(胎儿系统) *3 | I2: 胎儿心脏超声 *3 | J2: 残余尿测定 | K2: 介入操作 *10 | L2: 床旁彩超加收 *5 | M2: B超常规检 | N2: 脏器声学造影 *5 | O2: 临床操作超声引导*5 | P2: 弹性成像 | Q2: 误时工作量例数 | R2: 疑难病例会诊例数 | S2: 夜班例数 | T2: 扣罚金额 | U2: 门住工作量合计 | V2: 门住体工作量合计 | W2: 绩效工作量 | X2: 门住收入合计 | Y2: 门住体总收入合计
B3: 99 | C3: 132 | D3: 5.5 | E3: 99 | F3: 55 | G3: 264 | H3: 310 | I3: 286 | J3: 55 | L3: 33 | M3: 27.5 | N3: 143 | O3: 143 | P3: 55 | R3: 20 | S3: 50 | T3: 50-500
A4: 信吉伟 | U4: =SUM(C4:P4)-D4 -> 0 | V4: =SUM(B4:P4)-D4 -> 0 | W4: =B4+C4+E4+F4+G4*2+H4*3+I4*3+J4+K4*6+L4*5+M4+N4*5+O4*5+P4+Q4 -> 0 | X4: =C4*$C$3+D4*$D$3+E4*$E$3+F4*$F$3+G4*$G$3+H4*$H$3+I4*$I$3+J4*$J$3+K4*$K$3+L4*$L$3+M4*$M$3+N4*$N$3+O4*$O$3+P4*$P$3 -> 0 | Y4: =B4*99+C4*$C$3+D4*$D$3+E4*$E$3+F4*$F$3+G4*$G$3+H4*$H$3+I4*$I$3+J4*$J$3+K4*$K$3+L4*$L$3+M4*$M$3+N4*$N$3+O4*$O$3+P4*$P$3 -> 0
A5: 刘思阳 | U5: =SUM(C5:P5)-D5 -> 0 | V5: =SUM(B5:P5)-D5 -> 0 | W5: =B5+C5+E5+F5+G5*2+H5*3+I5*3+J5+K5*6+L5*5+M5+N5*5+O5*5+P5+Q5 -> 0 | X5: =C5*$C$3+D5*$D$3+E5*$E$3+F5*$F$3+G5*$G$3+H5*$H$3+I5*$I$3+J5*$J$3+K5*$K$3+L5*$L$3+M5*$M$3+N5*$N$3+O5*$O$3+P5*$P$3 -> 0 | Y5: =B5*99+C5*$C$3+D5*$D$3+E5*$E$3+F5*$F$3+G5*$G$3+H5*$H$3+I5*$I$3+J5*$J$3+K5*$K$3+L5*$L$3+M5*$M$3+N5*$N$3+O5*$O$3+P5*$P$3 -> 0
A6: 邢卫军 | U6: =SUM(C6:P6)-D6 -> 0 | V6: =SUM(B6:P6)-D6 -> 0 | W6: =B6+C6+E6+F6+G6*2+H6*3+I6*3+J6+K6*6+L6*5+M6+N6*5+O6*5+P6+Q6 -> 0 | X6: =C6*$C$3+D6*$D$3+E6*$E$3+F6*$F$3+G6*$G$3+H6*$H$3+I6*$I$3+J6*$J$3+K6*$K$3+L6*$L$3+M6*$M$3+N6*$N$3+O6*$O$3+P6*$P$3 -> 0 | Y6: =B6*99+C6*$C$3+D6*$D$3+E6*$E$3+F6*$F$3+G6*$G$3+H6*$H$3+I6*$I$3+J6*$J$3+K6*$K$3+L6*$L$3+M6*$M$3+N6*$N$3+O6*$O$3+P6*$P$3 -> 0
A7: 姜纯莲 | U7: =SUM(C7:P7)-D7 -> 0 | V7: =SUM(B7:P7)-D7 -> 0 | W7: =B7+C7+E7+F7+G7*2+H7*3+I7*3+J7+K7*6+L7*5+M7+N7*5+O7*5+P7+Q7 -> 0 | X7: =C7*$C$3+D7*$D$3+E7*$E$3+F7*$F$3+G7*$G$3+H7*$H$3+I7*$I$3+J7*$J$3+K7*$K$3+L7*$L$3+M7*$M$3+N7*$N$3+O7*$O$3+P7*$P$3 -> 0 | Y7: =B7*99+C7*$C$3+D7*$D$3+E7*$E$3+F7*$F$3+G7*$G$3+H7*$H$3+I7*$I$3+J7*$J$3+K7*$K$3+L7*$L$3+M7*$M$3+N7*$N$3+O7*$O$3+P7*$P$3 -> 0
A8: 王漠璇 | U8: =SUM(C8:P8)-D8 -> 0 | V8: =SUM(B8:P8)-D8 -> 0 | W8: =B8+C8+E8+F8+G8*2+H8*3+I8*3+J8+K8*6+L8*5+M8+N8*5+O8*5+P8+Q8 -> 0 | X8: =C8*$C$3+D8*$D$3+E8*$E$3+F8*$F$3+G8*$G$3+H8*$H$3+I8*$I$3+J8*$J$3+K8*$K$3+L8*$L$3+M8*$M$3+N8*$N$3+O8*$O$3+P8*$P$3 -> 0 | Y8: =B8*99+C8*$C$3+D8*$D$3+E8*$E$3+F8*$F$3+G8*$G$3+H8*$H$3+I8*$I$3+J8*$J$3+K8*$K$3+L8*$L$3+M8*$M$3+N8*$N$3+O8*$O$3+P8*$P$3 -> 0
A9: 汪亚新 | U9: =SUM(C9:P9)-D9 -> 0 | V9: =SUM(B9:P9)-D9 -> 0 | W9: =B9+C9+E9+F9+G9*2+H9*3+I9*3+J9+K9*6+L9*5+M9+N9*5+O9*5+P9+Q9 -> 0 | X9: =C9*$C$3+D9*$D$3+E9*$E$3+F9*$F$3+G9*$G$3+H9*$H$3+I9*$I$3+J9*$J$3+K9*$K$3+L9*$L$3+M9*$M$3+N9*$N$3+O9*$O$3+P9*$P$3 -> 0 | Y9: =B9*99+C9*$C$3+D9*$D$3+E9*$E$3+F9*$F$3+G9*$G$3+H9*$H$3+I9*$I$3+J9*$J$3+K9*$K$3+L9*$L$3+M9*$M$3+N9*$N$3+O9*$O$3+P9*$P$3 -> 0
A10: 李双生 | U10: =SUM(C10:P10)-D10 -> 0 | V10: =SUM(B10:P10)-D10 -> 0 | W10: =B10+C10+E10+F10+G10*2+H10*3+I10*3+J10+K10*6+L10*5+M10+N10*5+O10*5+P10+Q10 -> 0 | X10: =C10*$C$3+D10*$D$3+E10*$E$3+F10*$F$3+G10*$G$3+H10*$H$3+I10*$I$3+J10*$J$3+K10*$K$3+L10*$L$3+M10*$M$3+N10*$N$3+O10*$O$3+P10*$P$3 -> 0 | Y10: =B10*99+C10*$C$3+D10*$D$3+E10*$E$3+F10*$F$3+G10*$G$3+H10*$H$3+I10*$I$3+J10*$J$3+K10*$K$3+L10*$L$3+M10*$M$3+N10*$N$3+O10*$O$3+P10*$P$3 -> 0
A11: 董宝玲 | U11: =SUM(C11:P11)-D11 -> 0 | V11: =SUM(B11:P11)-D11 -> 0 | W11: =B11+C11+E11+F11+G11*2+H11*3+I11*3+J11+K11*6+L11*5+M11+N11*5+O11*5+P11+Q11 -> 0 | X11: =C11*$C$3+D11*$D$3+E11*$E$3+F11*$F$3+G11*$G$3+H11*$H$3+I11*$I$3+J11*$J$3+K11*$K$3+L11*$L$3+M11*$M$3+N11*$N$3+O11*$O$3+P11*$P$3 -> 0 | Y11: =B11*99+C11*$C$3+D11*$D$3+E11*$E$3+F11*$F$3+G11*$G$3+H11*$H$3+I11*$I$3+J11*$J$3+K11*$K$3+L11*$L$3+M11*$M$3+N11*$N$3+O11*$O$3+P11*$P$3 -> 0
A12: 周晓丽 | U12: =SUM(C12:P12)-D12 -> 0 | V12: =SUM(B12:P12)-D12 -> 0 | W12: =B12+C12+E12+F12+G12*2+H12*3+I12*3+J12+K12*6+L12*5+M12+N12*5+O12*5+P12+Q12 -> 0 | X12: =C12*$C$3+D12*$D$3+E12*$E$3+F12*$F$3+G12*$G$3+H12*$H$3+I12*$I$3+J12*$J$3+K12*$K$3+L12*$L$3+M12*$M$3+N12*$N$3+O12*$O$3+P12*$P$3 -> 0 | Y12: =B12*99+C12*$C$3+D12*$D$3+E12*$E$3+F12*$F$3+G12*$G$3+H12*$H$3+I12*$I$3+J12*$J$3+K12*$K$3+L12*$L$3+M12*$M$3+N12*$N$3+O12*$O$3+P12*$P$3 -> 0
A13: 刘炜 | U13: =SUM(C13:P13)-D13 -> 0 | V13: =SUM(B13:P13)-D13 -> 0 | W13: =B13+C13+E13+F13+G13*2+H13*3+I13*3+J13+K13*6+L13*5+M13+N13*5+O13*5+P13+Q13 -> 0 | X13: =C13*$C$3+D13*$D$3+E13*$E$3+F13*$F$3+G13*$G$3+H13*$H$3+I13*$I$3+J13*$J$3+K13*$K$3+L13*$L$3+M13*$M$3+N13*$N$3+O13*$O$3+P13*$P$3 -> 0 | Y13: =B13*99+C13*$C$3+D13*$D$3+E13*$E$3+F13*$F$3+G13*$G$3+H13*$H$3+I13*$I$3+J13*$J$3+K13*$K$3+L13*$L$3+M13*$M$3+N13*$N$3+O13*$O$3+P13*$P$3 -> 0
A14: 刘涛 | U14: =SUM(C14:P14)-D14 -> 0 | V14: =SUM(B14:P14)-D14 -> 0 | W14: =B14+C14+E14+F14+G14*2+H14*3+I14*3+J14+K14*6+L14*5+M14+N14*5+O14*5+P14+Q14 -> 0 | X14: =C14*$C$3+D14*$D$3+E14*$E$3+F14*$F$3+G14*$G$3+H14*$H$3+I14*$I$3+J14*$J$3+K14*$K$3+L14*$L$3+M14*$M$3+N14*$N$3+O14*$O$3+P14*$P$3 -> 0 | Y14: =B14*99+C14*$C$3+D14*$D$3+E14*$E$3+F14*$F$3+G14*$G$3+H14*$H$3+I14*$I$3+J14*$J$3+K14*$K$3+L14*$L$3+M14*$M$3+N14*$N$3+O14*$O$3+P14*$P$3 -> 0
A15: 朱凯 | U15: =SUM(C15:P15)-D15 -> 0 | V15: =SUM(B15:P15)-D15 -> 0 | W15: =B15+C15+E15+F15+G15*2+H15*3+I15*3+J15+K15*6+L15*5+M15+N15*5+O15*5+P15+Q15 -> 0 | X15: =C15*$C$3+D15*$D$3+E15*$E$3+F15*$F$3+G15*$G$3+H15*$H$3+I15*$I$3+J15*$J$3+K15*$K$3+L15*$L$3+M15*$M$3+N15*$N$3+O15*$O$3+P15*$P$3 -> 0 | Y15: =B15*99+C15*$C$3+D15*$D$3+E15*$E$3+F15*$F$3+G15*$G$3+H15*$H$3+I15*$I$3+J15*$J$3+K15*$K$3+L15*$L$3+M15*$M$3+N15*$N$3+O15*$O$3+P15*$P$3 -> 0
... A26: 李嘉鹏 | U26: =SUM(C26:P26)-D26 -> 0 | V26: =SUM(B26:P26)-D26 -> 0 | W26: =B26+C26+E26+F26+G26*2+H26*3+I26*3+J26+K26*6+L26*5+M26+N26*5+O26*5+P26+Q26 -> 0 | X26: =C26*$C$3+D26*$D$3+E26*$E$3+F26*$F$3+G26*$G$3+H26*$H$3+I26*$I$3+J26*$J$3+K26*$K$3+L26*$L$3+M26*$M$3+N26*$N$3+O26*$O$3+P26*$P$3 -> 0 | Y26: =B26*99+C26*$C$3+D26*$D$3+E26*$E$3+F26*$F$3+G26*$G$3+H26*$H$3+I26*$I$3+J26*$J$3+K26*$K$3+L26*$L$3+M26*$M$3+N26*$N$3+O26*$O$3+P26*$P$3 -> 0
U27: =SUM(C27:P27)-D27 -> 0 | V27: =SUM(B27:P27)-D27 -> 0 | W27: =B27+C27+E27+F27+G27*2+H27*3+I27*3+J27+K27*6+L27*5+M27+N27*5+O27*5+P27+Q27 -> 0 | X27: =C27*$C$3+D27*$D$3+E27*$E$3+F27*$F$3+G27*$G$3+H27*$H$3+I27*$I$3+J27*$J$3+K27*$K$3+L27*$L$3+M27*$M$3+N27*$N$3+O27*$O$3+P27*$P$3 -> 0 | Y27: =B27*99+C27*$C$3+D27*$D$3+E27*$E$3+F27*$F$3+G27*$G$3+H27*$H$3+I27*$I$3+J27*$J$3+K27*$K$3+L27*$L$3+M27*$M$3+N27*$N$3+O27*$O$3+P27*$P$3 -> 0
A28: 王雪彤 | U28: =SUM(C28:P28)-D28 -> 0 | V28: =SUM(B28:P28)-D28 -> 0 | W28: =B28+C28+E28+F28+G28*2+H28*3+I28*3+J28+K28*6+L28*5+M28+N28*5+O28*5+P28+Q28 -> 0 | X28: =C28*$C$3+D28*$D$3+E28*$E$3+F28*$F$3+G28*$G$3+H28*$H$3+I28*$I$3+J28*$J$3+K28*$K$3+L28*$L$3+M28*$M$3+N28*$N$3+O28*$O$3+P28*$P$3 -> 0 | Y28: =B28*99+C28*$C$3+D28*$D$3+E28*$E$3+F28*$F$3+G28*$G$3+H28*$H$3+I28*$I$3+J28*$J$3+K28*$K$3+L28*$L$3+M28*$M$3+N28*$N$3+O28*$O$3+P28*$P$3 -> 0
A29: 刘海燕 | U29: =SUM(C29:P29)-D29 -> 0 | V29: =SUM(B29:P29)-D29 -> 0 | W29: 0 | X29: =C29*$C$3+D29*$D$3+E29*$E$3+F29*$F$3+G29*$G$3+H29*$H$3+I29*$I$3+J29*$J$3+K29*$K$3+L29*$L$3+M29*$M$3+N29*$N$3+O29*$O$3+P29*$P$3 -> 0 | Y29: =B29*99+C29*$C$3+D29*$D$3+E29*$E$3+F29*$F$3+G29*$G$3+H29*$H$3+I29*$I$3+J29*$J$3+K29*$K$3+L29*$L$3+M29*$M$3+N29*$N$3+O29*$O$3+P29*$P$3 -> 0
U30: =SUM(B30:Q30) -> 0 | V30: =SUM(B30:P30)-D30 -> 0 | W30: =B30+C30+E30+F30+G30*2+H30*3+I30*3+J30+K30*6+L30*5+M30+N30*5+O30*5+P30+Q30 -> 0 | X30: =C30*$C$3+D30*$D$3+E30*$E$3+F30*$F$3+G30*$G$3+H30*$H$3+I30*$I$3+J30*$J$3+K30*$K$3+L30*$L$3+M30*$M$3+N30*$N$3+O30*$O$3+P30*$P$3 -> 0 | Y30: =B30*99+C30*$C$3+D30*$D$3+E30*$E$3+F30*$F$3+G30*$G$3+H30*$H$3+I30*$I$3+J30*$J$3+K30*$K$3+L30*$L$3+M30*$M$3+N30*$N$3+O30*$O$3+P30*$P$3 -> 0
A31: 工作量合计 | B31: =SUM(B4:B30) -> 0 | C31: =SUM(C4:C30) -> 0 | D31: =SUM(D4:D30) -> 0 | E31: =SUM(E4:E30) -> 0 | F31: =SUM(F4:F30) -> 0 | G31: =SUM(G4:G30) -> 0 | H31: =SUM(H4:H30) -> 0 | I31: =SUM(I4:I30) -> 0 | ... U31: =SUM(U4:U30) -> 0 | V31: =SUM(B31:P31)-D31 -> 0 | W31: =SUM(W4:W30) -> 0 | X31: =SUM(X4:X30) -> 0 | Y31: =B31*99+C31*$C$3+D31*$D$3+E31*$E$3+F31*$F$3+G31*$G$3+H31*$H$3+I31*$I$3+J31*$J$3+K31*$K$3+L31*$L$3+M31*$M$3+N31*$N$3+O31*$O$3+P31*$P$3 -> 0
A32: 收入合计 | B32: =B31*B3 -> 0 | C32: =C31*C3 -> 0 | D32: =D31*D3 -> 0 | E32: =E31*E3 -> 0 | F32: =F31*F3 -> 0 | G32: =G31*G3 -> 0 | H32: =H31*H3 -> 0 | I32: =I31*I3 -> 0 | ... P32: =P31*P3 -> 0 | U32: - | V32: - | W32: - | X32: =SUM(C32:P32) -> 0 | Y32: =SUM(B32:P32) -> 0

Sheet 全年
A1: 2022年超声工作量
A2: 姓名 | B2: 体检例数 | C2: 腔内超声检查 | D2: 图文报告 | E2: 超声检查正常(包括双胎) | F2: 双胎加收 | G2: 脏器灰阶立体成象*2 | H2: 超声检查(胎儿系统) *3 | I2: 胎儿心脏超声 *3 | J2: 残余尿测定 | K2: 床旁彩超 *6 | L2: 床旁彩超加收 *5 | M2: B超常规检 | N2: 脏器声学造影 *5 | O2: 临床操作超声引导*5 | P2: 弹性成像 | Q2: 误时工作量例数 | R2: 疑难病例会诊例数 | S2: 夜班例数 | T2: 扣罚金额 | U2: 门住工作量合计 | V2: 门住体工作量合计 | W2: 绩效工作量 | X2: 门住收入合计 | Y2: 门住体总收入合计
B3: 99 | C3: 132 | D3: 5.5 | E3: 99 | F3: 55 | G3: 264 | H3: 310 | I3: 286 | J3: 55 | K3: 132 | L3: 33 | M3: 27.5 | N3: 143 | O3: 143 | P3: 55 | R3: 20 | S3: 50 | T3: 50-500
A4: 信吉伟 | B4: =SUM('1月:12月'!B4:B4) -> 1884 | C4: =SUM('1月:12月'!C4:C4) -> 461 | D4: =SUM('1月:12月'!D4:D4) -> 5473 | E4: =SUM('1月:12月'!E4:E4) -> 4227 | F4: =SUM('1月:12月'!F4:F4) -> 7 | G4: =SUM('1月:12月'!G4:G4) -> 1720 | H4: =SUM('1月:12月'!H4:H4) -> 222 | I4: =SUM('1月:12月'!I4:I4) -> 45 | ... T4: =SUM('1月:12月'!T4:T4) -> 0 | U4: =SUM(C4:P4)-D4 -> 7105 | V4: =SUM(B4:P4)-D4 -> 8989 | W4: =B4+C4+E4+F4+G4*2+H4*3+I4*3+J4+K4*6+L4*5+M4+N4*5+O4*5+P4+Q4 -> 14379 | X4: =C4*$C$3+D4*$D$3+E4*$E$3+F4*$F$3+G4*$G$3+H4*$H$3+I4*$I$3+J4*$J$3+K4*$K$3+L4*$L$3+M4*$M$3+N4*$N$3+O4*$O$3+P4*$P$3 -> 1101934.5 | Y4: =B4*99+C4*$C$3+D4*$D$3+E4*$E$3+F4*$F$3+G4*$G$3+H4*$H$3+I4*$I$3+J4*$J$3+K4*$K$3+L4*$L$3+M4*$M$3+N4*$N$3+O4*$O$3+P4*$P$3 -> 1288450.5
A5: 刘思阳 | B5: =SUM('1月:12月'!B5:B5) -> 2878 | C5: =SUM('1月:12月'!C5:C5) -> 14 | D5: =SUM('1月:12月'!D5:D5) -> 6128 | E5: =SUM('1月:12月'!E5:E5) -> 5763 | F5: =SUM('1月:12月'!F5:F5) -> 2 | G5: =SUM('1月:12月'!G5:G5) -> 877 | H5: =SUM('1月:12月'!H5:H5) -> 0 | I5: =SUM('1月:12月'!I5:I5) -> 0 | ... T5: =SUM('1月:12月'!T5:T5) -> 0 | U5: =SUM(C5:P5)-D5 -> 6874 | V5: =SUM(B5:P5)-D5 -> 9752 | W5: =B5+C5+E5+F5+G5*2+H5*3+I5*3+J5+K5*6+L5*5+M5+N5*5+O5*5+P5+Q5 -> 10650 | X5: =C5*$C$3+D5*$D$3+E5*$E$3+F5*$F$3+G5*$G$3+H5*$H$3+I5*$I$3+J5*$J$3+K5*$K$3+L5*$L$3+M5*$M$3+N5*$N$3+O5*$O$3+P5*$P$3 -> 849816 | Y5: =B5*99+C5*$C$3+D5*$D$3+E5*$E$3+F5*$F$3+G5*$G$3+H5*$H$3+I5*$I$3+J5*$J$3+K5*$K$3+L5*$L$3+M5*$M$3+N5*$N$3+O5*$O$3+P5*$P$3 -> 1134738
A6: 邢卫军 | B6: =SUM('1月:12月'!B6:B6) -> 2320 | C6: =SUM('1月:12月'!C6:C6) -> 955 | D6: =SUM('1月:12月'!D6:D6) -> 5426 | E6: =SUM('1月:12月'!E6:E6) -> 3502 | F6: =SUM('1月:12月'!F6:F6) -> 0 | G6: =SUM('1月:12月'!G6:G6) -> 1359 | H6: =SUM('1月:12月'!H6:H6) -> 0 | I6: =SUM('1月:12月'!I6:I6) -> 0 | ... T6: =SUM('1月:12月'!T6:T6) -> 0 | U6: =SUM(C6:P6)-D6 -> 5862 | V6: =SUM(B6:P6)-D6 -> 8182 | W6: =B6+C6+E6+F6+G6*2+H6*3+I6*3+J6+K6*6+L6*5+M6+N6*5+O6*5+P6+Q6 -> 9581 | X6: =C6*$C$3+D6*$D$3+E6*$E$3+F6*$F$3+G6*$G$3+H6*$H$3+I6*$I$3+J6*$J$3+K6*$K$3+L6*$L$3+M6*$M$3+N6*$N$3+O6*$O$3+P6*$P$3 -> 864523 | Y6: =B6*99+C6*$C$3+D6*$D$3+E6*$E$3+F6*$F$3+G6*$G$3+H6*$H$3+I6*$I$3+J6*$J$3+K6*$K$3+L6*$L$3+M6*$M$3+N6*$N$3+O6*$O$3+P6*$P$3 -> 1094203
A7: 姜纯莲 | B7: =SUM('1月:12月'!B7:B7) -> 4129 | C7: =SUM('1月:12月'!C7:C7) -> 1419 | D7: =SUM('1月:12月'!D7:D7) -> 8715 | E7: =SUM('1月:12月'!E7:E7) -> 5817 | F7: =SUM('1月:12月'!F7:F7) -> 6 | G7: =SUM('1月:12月'!G7:G7) -> 2016 | H7: =SUM('1月:12月'!H7:H7) -> 1 | I7: =SUM('1月:12月'!I7:I7) -> 0 | ... T7: =SUM('1月:12月'!T7:T7) -> 0 | U7: =SUM(C7:P7)-D7 -> 9335 | V7: =SUM(B7:P7)-D7 -> 13464 | W7: =B7+C7+E7+F7+G7*2+H7*3+I7*3+J7+K7*6+L7*5+M7+N7*5+O7*5+P7+Q7 -> 15506 | X7: =C7*$C$3+D7*$D$3+E7*$E$3+F7*$F$3+G7*$G$3+H7*$H$3+I7*$I$3+J7*$J$3+K7*$K$3+L7*$L$3+M7*$M$3+N7*$N$3+O7*$O$3+P7*$P$3 -> 1348035.5 | Y7: =B7*99+C7*$C$3+D7*$D$3+E7*$E$3+F7*$F$3+G7*$G$3+H7*$H$3+I7*$I$3+J7*$J$3+K7*$K$3+L7*$L$3+M7*$M$3+N7*$N$3+O7*$O$3+P7*$P$3 -> 1756806.5
A8: 王漠璇 | B8: =SUM('1月:12月'!B8:B8) -> 3719 | C8: =SUM('1月:12月'!C8:C8) -> 1528 | D8: =SUM('1月:12月'!D8:D8) -> 8831 | E8: =SUM('1月:12月'!E8:E8) -> 5285 | F8: =SUM('1月:12月'!F8:F8) -> 2 | G8: =SUM('1月:12月'!G8:G8) -> 2629 | H8: =SUM('1月:12月'!H8:H8) -> 0 | I8: =SUM('1月:12月'!I8:I8) -> 0 | ... T8: =SUM('1月:12月'!T8:T8) -> 0 | U8: =SUM(C8:P8)-D8 -> 9527 | V8: =SUM(B8:P8)-D8 -> 13246 | W8: =B8+C8+E8+F8+G8*2+H8*3+I8*3+J8+K8*6+L8*5+M8+N8*5+O8*5+P8+Q8 -> 16012 | X8: =C8*$C$3+D8*$D$3+E8*$E$3+F8*$F$3+G8*$G$3+H8*$H$3+I8*$I$3+J8*$J$3+K8*$K$3+L8*$L$3+M8*$M$3+N8*$N$3+O8*$O$3+P8*$P$3 -> 1473653.5 | Y8: =B8*99+C8*$C$3+D8*$D$3+E8*$E$3+F8*$F$3+G8*$G$3+H8*$H$3+I8*$I$3+J8*$J$3+K8*$K$3+L8*$L$3+M8*$M$3+N8*$N$3+O8*$O$3+P8*$P$3 -> 1841834.5
A9: 汪亚新 | B9: =SUM('1月:12月'!B9:B9) -> 1084 | C9: =SUM('1月:12月'!C9:C9) -> 2 | D9: =SUM('1月:12月'!D9:D9) -> 3872 | E9: =SUM('1月:12月'!E9:E9) -> 3454 | F9: =SUM('1月:12月'!F9:F9) -> 0 | G9: =SUM('1月:12月'!G9:G9) -> 535 | H9: =SUM('1月:12月'!H9:H9) -> 0 | I9: =SUM('1月:12月'!I9:I9) -> 0 | ... T9: =SUM('1月:12月'!T9:T9) -> 0 | U9: =SUM(C9:P9)-D9 -> 4081 | V9: =SUM(B9:P9)-D9 -> 5165 | W9: =B9+C9+E9+F9+G9*2+H9*3+I9*3+J9+K9*6+L9*5+M9+N9*5+O9*5+P9+Q9 -> 5700 | X9: =C9*$C$3+D9*$D$3+E9*$E$3+F9*$F$3+G9*$G$3+H9*$H$3+I9*$I$3+J9*$J$3+K9*$K$3+L9*$L$3+M9*$M$3+N9*$N$3+O9*$O$3+P9*$P$3 -> 509696 | Y9: =B9*99+C9*$C$3+D9*$D$3+E9*$E$3+F9*$F$3+G9*$G$3+H9*$H$3+I9*$I$3+J9*$J$3+K9*$K$3+L9*$L$3+M9*$M$3+N9*$N$3+O9*$O$3+P9*$P$3 -> 617012
A10: 李双生 | B10: =SUM('1月:12月'!B10:B10) -> 3306 | C10: =SUM('1月:12月'!C10:C10) -> 29 | D10: =SUM('1月:12月'!D10:D10) -> 5444 | E10: =SUM('1月:12月'!E10:E10) -> 5269 | F10: =SUM('1月:12月'!F10:F10) -> 0 | G10: =SUM('1月:12月'!G10:G10) -> 733 | H10: =SUM('1月:12月'!H10:H10) -> 0 | I10: =SUM('1月:12月'!I10:I10) -> 0 | ... T10: =SUM('1月:12月'!T10:T10) -> 0 | U10: =SUM(C10:P10)-D10 -> 6501 | V10: =SUM(B10:P10)-D10 -> 9807 | W10: =B10+C10+E10+F10+G10*2+H10*3+I10*3+J10+K10*6+L10*5+M10+N10*5+O10*5+P10+Q10 -> 11836 | X10: =C10*$C$3+D10*$D$3+E10*$E$3+F10*$F$3+G10*$G$3+H10*$H$3+I10*$I$3+J10*$J$3+K10*$K$3+L10*$L$3+M10*$M$3+N10*$N$3+O10*$O$3+P10*$P$3 -> 780175 | Y10: =B10*99+C10*$C$3+D10*$D$3+E10*$E$3+F10*$F$3+G10*$G$3+H10*$H$3+I10*$I$3+J10*$J$3+K10*$K$3+L10*$L$3+M10*$M$3+N10*$N$3+O10*$O$3+P10*$P$3 -> 1107469
A11: 董宝玲 | B11: =SUM('1月:12月'!B11:B11) -> 2058 | C11: =SUM('1月:12月'!C11:C11) -> 399 | D11: =SUM('1月:12月'!D11:D11) -> 3291 | E11: =SUM('1月:12月'!E11:E11) -> 2541 | F11: =SUM('1月:12月'!F11:F11) -> 5 | G11: =SUM('1月:12月'!G11:G11) -> 721 | H11: =SUM('1月:12月'!H11:H11) -> 0 | I11: =SUM('1月:12月'!I11:I11) -> 0 | ... T11: =SUM('1月:12月'!T11:T11) -> 0 | U11: =SUM(C11:P11)-D11 -> 3811 | V11: =SUM(B11:P11)-D11 -> 5869 | W11: =B11+C11+E11+F11+G11*2+H11*3+I11*3+J11+K11*6+L11*5+M11+N11*5+O11*5+P11+Q11 -> 7133 | X11: =C11*$C$3+D11*$D$3+E11*$E$3+F11*$F$3+G11*$G$3+H11*$H$3+I11*$I$3+J11*$J$3+K11*$K$3+L11*$L$3+M11*$M$3+N11*$N$3+O11*$O$3+P11*$P$3 -> 524518.5 | Y11: =B11*99+C11*$C$3+D11*$D$3+E11*$E$3+F11*$F$3+G11*$G$3+H11*$H$3+I11*$I$3+J11*$J$3+K11*$K$3+L11*$L$3+M11*$M$3+N11*$N$3+O11*$O$3+P11*$P$3 -> 728260.5
A12: 周晓丽 | B12: =SUM('1月:12月'!B12:B12) -> 2058 | C12: =SUM('1月:12月'!C12:C12) -> 320 | D12: =SUM('1月:12月'!D12:D12) -> 3416 | E12: =SUM('1月:12月'!E12:E12) -> 2749 | F12: =SUM('1月:12月'!F12:F12) -> 2 | G12: =SUM('1月:12月'!G12:G12) -> 677 | H12: =SUM('1月:12月'!H12:H12) -> 36 | I12: =SUM('1月:12月'!I12:I12) -> 56 | ... T12: =SUM('1月:12月'!T12:T12) -> 0 | U12: =SUM(C12:P12)-D12 -> 4017 | V12: =SUM(B12:P12)-D12 -> 6075 | W12: =B12+C12+E12+F12+G12*2+H12*3+I12*3+J12+K12*6+L12*5+M12+N12*5+O12*5+P12+Q12 -> 7642 | X12: =C12*$C$3+D12*$D$3+E12*$E$3+F12*$F$3+G12*$G$3+H12*$H$3+I12*$I$3+J12*$J$3+K12*$K$3+L12*$L$3+M12*$M$3+N12*$N$3+O12*$O$3+P12*$P$3 -> 551524 | Y12: =B12*99+C12*$C$3+D12*$D$3+E12*$E$3+F12*$F$3+G12*$G$3+H12*$H$3+I12*$I$3+J12*$J$3+K12*$K$3+L12*$L$3+M12*$M$3+N12*$N$3+O12*$O$3+P12*$P$3 -> 755266
A13: 刘炜 | B13: =SUM('1月:12月'!B13:B13) -> 2602 | C13: =SUM('1月:12月'!C13:C13) -> 1102 | D13: =SUM('1月:12月'!D13:D13) -> 7287 | E13: =SUM('1月:12月'!E13:E13) -> 4341 | F13: =SUM('1月:12月'!F13:F13) -> 8 | G13: =SUM('1月:12月'!G13:G13) -> 2092 | H13: =SUM('1月:12月'!H13:H13) -> 115 | I13: =SUM('1月:12月'!I13:I13) -> 111 | ... T13: =SUM('1月:12月'!T13:T13) -> 0 | U13: =SUM(C13:P13)-D13 -> 7883 | V13: =SUM(B13:P13)-D13 -> 10485 | W13: =B13+C13+E13+F13+G13*2+H13*3+I13*3+J13+K13*6+L13*5+M13+N13*5+O13*5+P13+Q13 -> 13347 | X13: =C13*$C$3+D13*$D$3+E13*$E$3+F13*$F$3+G13*$G$3+H13*$H$3+I13*$I$3+J13*$J$3+K13*$K$3+L13*$L$3+M13*$M$3+N13*$N$3+O13*$O$3+P13*$P$3 -> 1247349.5 | Y13: =B13*99+C13*$C$3+D13*$D$3+E13*$E$3+F13*$F$3+G13*$G$3+H13*$H$3+I13*$I$3+J13*$J$3+K13*$K$3+L13*$L$3+M13*$M$3+N13*$N$3+O13*$O$3+P13*$P$3 -> 1504947.5
A14: 刘涛 | B14: =SUM('1月:12月'!B14:B14) -> 1892 | C14: =SUM('1月:12月'!C14:C14) -> 21 | D14: =SUM('1月:12月'!D14:D14) -> 2588 | E14: =SUM('1月:12月'!E14:E14) -> 2380 | F14: =SUM('1月:12月'!F14:F14) -> 3 | G14: =SUM('1月:12月'!G14:G14) -> 281 | H14: =SUM('1月:12月'!H14:H14) -> 2 | I14: =SUM('1月:12月'!I14:I14) -> 0 | ... T14: =SUM('1月:12月'!T14:T14) -> 0 | U14: =SUM(C14:P14)-D14 -> 3079 | V14: =SUM(B14:P14)-D14 -> 4971 | W14: =B14+C14+E14+F14+G14*2+H14*3+I14*3+J14+K14*6+L14*5+M14+N14*5+O14*5+P14+Q14 -> 7091 | X14: =C14*$C$3+D14*$D$3+E14*$E$3+F14*$F$3+G14*$G$3+H14*$H$3+I14*$I$3+J14*$J$3+K14*$K$3+L14*$L$3+M14*$M$3+N14*$N$3+O14*$O$3+P14*$P$3 -> 368141 | Y14: =B14*99+C14*$C$3+D14*$D$3+E14*$E$3+F14*$F$3+G14*$G$3+H14*$H$3+I14*$I$3+J14*$J$3+K14*$K$3+L14*$L$3+M14*$M$3+N14*$N$3+O14*$O$3+P14*$P$3 -> 555449
A15: 朱凯 | B15: =SUM('1月:12月'!B15:B15) -> 3041 | C15: =SUM('1月:12月'!C15:C15) -> 100 | D15: =SUM('1月:12月'!D15:D15) -> 5595 | E15: =SUM('1月:12月'!E15:E15) -> 5171 | F15: =SUM('1月:12月'!F15:F15) -> 4 | G15: =SUM('1月:12月'!G15:G15) -> 721 | H15: =SUM('1月:12月'!H15:H15) -> 2 | I15: =SUM('1月:12月'!I15:I15) -> 0 | ... T15: =SUM('1月:12月'!T15:T15) -> 0 | U15: =SUM(C15:P15)-D15 -> 6314 | V15: =SUM(B15:P15)-D15 -> 9355 | W15: =B15+C15+E15+F15+G15*2+H15*3+I15*3+J15+K15*6+L15*5+M15+N15*5+O15*5+P15+Q15 -> 11775 | X15: =C15*$C$3+D15*$D$3+E15*$E$3+F15*$F$3+G15*$G$3+H15*$H$3+I15*$I$3+J15*$J$3+K15*$K$3+L15*$L$3+M15*$M$3+N15*$N$3+O15*$O$3+P15*$P$3 -> 774030 | Y15: =B15*99+C15*$C$3+D15*$D$3+E15*$E$3+F15*$F$3+G15*$G$3+H15*$H$3+I15*$I$3+J15*$J$3+K15*$K$3+L15*$L$3+M15*$M$3+N15*$N$3+O15*$O$3+P15*$P$3 -> 1075089
... A28: 韩天福 | B28: =SUM('1月:12月'!B28:B28) -> 0 | C28: =SUM('1月:12月'!C28:C28) -> 30 | D28: =SUM('1月:12月'!D28:D28) -> 143 | E28: =SUM('1月:12月'!E28:E28) -> 85 | F28: =SUM('1月:12月'!F28:F28) -> 0 | G28: =SUM('1月:12月'!G28:G28) -> 34 | H28: =SUM('1月:12月'!H28:H28) -> 0 | I28: =SUM('1月:12月'!I28:I28) -> 0 | ... T28: =SUM('1月:12月'!T28:T28) -> 0 | U28: =SUM(C28:P28)-D28 -> 161 | V28: =SUM(B28:P28)-D28 -> 161 | W28: =B28+C28+E28+F28+G28*2+H28*3+I28*3+J28+K28*6+L28*5+M28+N28*5+O28*5+P28+Q28 -> 223 | X28: =C28*$C$3+D28*$D$3+E28*$E$3+F28*$F$3+G28*$G$3+H28*$H$3+I28*$I$3+J28*$J$3+K28*$K$3+L28*$L$3+M28*$M$3+N28*$N$3+O28*$O$3+P28*$P$3 -> 22643.5 | Y28: =B28*99+C28*$C$3+D28*$D$3+E28*$E$3+F28*$F$3+G28*$G$3+H28*$H$3+I28*$I$3+J28*$J$3+K28*$K$3+L28*$L$3+M28*$M$3+N28*$N$3+O28*$O$3+P28*$P$3 -> 22643.5
A29: 刘海燕 | B29: =SUM('1月:12月'!B29:B29) -> 2333 | C29: =SUM('1月:12月'!C29:C29) -> 625 | D29: =SUM('1月:12月'!D29:D29) -> 6210 | E29: =SUM('1月:12月'!E29:E29) -> 4647 | F29: =SUM('1月:12月'!F29:F29) -> 23 | G29: =SUM('1月:12月'!G29:G29) -> 1538 | H29: =SUM('1月:12月'!H29:H29) -> 0 | I29: =SUM('1月:12月'!I29:I29) -> 0 | ... T29: =SUM('1月:12月'!T29:T29) -> 0 | U29: =SUM(C29:P29)-D29 -> 6850 | V29: =SUM(B29:P29)-D29 -> 9183 | W29: 0 | X29: =C29*$C$3+D29*$D$3+E29*$E$3+F29*$F$3+G29*$G$3+H29*$H$3+I29*$I$3+J29*$J$3+K29*$K$3+L29*$L$3+M29*$M$3+N29*$N$3+O29*$O$3+P29*$P$3 -> 984940 | Y29: =B29*99+C29*$C$3+D29*$D$3+E29*$E$3+F29*$F$3+G29*$G$3+H29*$H$3+I29*$I$3+J29*$J$3+K29*$K$3+L29*$L$3+M29*$M$3+N29*$N$3+O29*$O$3+P29*$P$3 -> 1215907
B30: =SUM('1月:12月'!B30:B30) -> 0 | C30: =SUM('1月:12月'!C30:C30) -> 0 | D30: =SUM('1月:12月'!D30:D30) -> 0 | E30: =SUM('1月:12月'!E30:E30) -> 0 | F30: =SUM('1月:12月'!F30:F30) -> 0 | G30: =SUM('1月:12月'!G30:G30) -> 0 | H30: =SUM('1月:12月'!H30:H30) -> 0 | I30: =SUM('1月:12月'!I30:I30) -> 0 | ... T30: =SUM('1月:12月'!T30:T30) -> 0 | U30: =SUM(B30:Q30) -> 0 | V30: =SUM(B30:P30)-D30 -> 0 | W30: =B30+C30+E30+F30+G30*2+H30*3+I30*3+J30+K30*6+L30*5+M30+N30*5+O30*5+P30+Q30 -> 0 | X30: =C30*$C$3+D30*$D$3+E30*$E$3+F30*$F$3+G30*$G$3+H30*$H$3+I30*$I$3+J30*$J$3+K30*$K$3+L30*$L$3+M30*$M$3+N30*$N$3+O30*$O$3+P30*$P$3 -> 0 | Y30: =B30*99+C30*$C$3+D30*$D$3+E30*$E$3+F30*$F$3+G30*$G$3+H30*$H$3+I30*$I$3+J30*$J$3+K30*$K$3+L30*$L$3+M30*$M$3+N30*$N$3+O30*$O$3+P30*$P$3 -> 0
A31: 工作量合计 | B31: =SUM('1月:12月'!B31:B31) -> 62140 | C31: =SUM('1月:12月'!C31:C31) -> 10081 | D31: =SUM('1月:12月'!D31:D31) -> 125657 | E31: =SUM('1月:12月'!E31:E31) -> 101622 | F31: =SUM('1月:12月'!F31:F31) -> 100 | G31: =SUM('1月:12月'!G31:G31) -> 24311 | H31: =SUM('1月:12月'!H31:H31) -> 390 | I31: =SUM('1月:12月'!I31:I31) -> 212 | ... T31: =SUM('1月:12月'!T31:T31) -> 0 | U31: =SUM(U4:U30) -> 142080 | V31: =SUM(B31:P31)-D31 -> 204220 | W31: =SUM(W4:W30) -> 236298 | X31: =SUM(X4:X30) -> 19091802 | Y31: =B31*99+C31*$C$3+D31*$D$3+E31*$E$3+F31*$F$3+G31*$G$3+H31*$H$3+I31*$I$3+J31*$J$3+K31*$K$3+L31*$L$3+M31*$M$3+N31*$N$3+O31*$O$3+P31*$P$3 -> 25243662
A32: 收入合计 | B32: =B31*B3 -> 6151860 | C32: =C31*C3 -> 1330692 | D32: =D31*D3 -> 691113.5 | E32: =E31*E3 -> 10060578 | F32: =F31*F3 -> 5500 | G32: =G31*G3 -> 6418104 | H32: =H31*H3 -> 120900 | I32: =I31*I3 -> 60632 | ... P32: =P31*P3 -> 165 | U32: - | V32: - | W32: - | X32: =SUM(C32:P32) -> 19091802 | Y32: =SUM(B32:P32) -> 25243662
